text_tokens,labels
"['[CLS]', 'what', 'is', 'the', 'air', '##fare', 'between', 'denver', 'and', 'pittsburgh', '[SEP]']","['O', 'O', 'O', 'O', 'O', 'O', 'O', 'O', 'O', 'O', 'O']"
"['[CLS]', 'on', 'april', 'first', 'i', 'need', 'a', 'ticket', 'from', 'tacoma', 'to', 'san', 'jose', 'departing', 'before', '7', 'am', '[SEP]']","['O', 'O', 'O', 'O', 'O', 'O', 'O', 'O', 'O', 'O', 'O', 'O', 'O', 'O', 'O', 'O', 'O', 'O']"
"['[CLS]', 'i', ""'"", 'd', 'like', 'to', 'find', 'the', 'cheap', '##est', 'fare', 'from', 'atlanta', 'to', 'dallas', '[SEP]']","['O', 'O', 'O', 'O', 'O', 'O', 'O', 'O', 'O', 'O', 'O', 'O', 'O', 'O', 'O', 'O']"
"['[CLS]', 'show', 'me', 'the', 'cheap', '##est', 'round', 'trip', 'fares', 'from', 'san', 'francisco', 'to', 'salt', 'lake', 'city', '[SEP]']","['O', 'O', 'O', 'O', 'O', 'O', 'O', 'O', 'O', 'O', 'O', 'O', 'O', 'O', 'O', 'O', 'O']"
"['[CLS]', 'list', 'all', 'round', 'trip', 'fares', 'from', 'phoenix', 'to', 'washington', '[SEP]']","['O', 'O', 'O', 'O', 'O', 'O', 'O', 'O', 'O', 'O', 'O']"
"['[CLS]', 'what', 'is', 'the', 'fare', 'on', 'the', 'first', 'flight', 'from', 'atlanta', 'to', 'denver', 'on', 'thursday', 'morning', '[SEP]']","['O', 'O', 'O', 'O', 'O', 'O', 'O', 'O', 'O', 'O', 'O', 'O', 'O', 'O', 'O', 'O', 'O']"
"['[CLS]', 'what', 'is', 'the', 'round', 'trip', 'th', '##rift', 'fare', 'on', 'us', 'air', 'from', 'boston', 'to', 'san', 'francisco', '[SEP]']","['O', 'O', 'O', 'O', 'O', 'O', 'O', 'O', 'O', 'O', 'O', 'O', 'O', 'O', 'O', 'O', 'O', 'O']"
"['[CLS]', 'what', 'is', 'the', 'earliest', 'departure', 'time', 'from', 'boston', 'to', 'denver', '[SEP]']","['O', 'O', 'O', 'O', 'O', 'O', 'O', 'O', 'O', 'O', 'O', 'O']"
"['[CLS]', 'i', ""'"", 'd', 'like', 'the', 'cheap', '##est', 'one', 'way', 'fare', 'from', 'boston', 'to', 'san', 'francisco', '[SEP]']","['O', 'O', 'O', 'O', 'O', 'O', 'O', 'O', 'O', 'O', 'O', 'O', 'O', 'O', 'O', 'O', 'O']"
"['[CLS]', 'show', 'me', 'round', 'trip', 'tickets', 'from', 'new', 'york', 'to', 'miami', '[SEP]']","['O', 'O', 'O', 'O', 'O', 'O', 'O', 'O', 'O', 'O', 'O', 'O']"
"['[CLS]', 'first', 'class', 'fares', 'from', 'dallas', 'to', 'baltimore', 'please', '[SEP]']","['O', 'O', 'O', 'O', 'O', 'O', 'O', 'O', 'O', 'O']"
"['[CLS]', 'what', 'are', 'the', 'most', 'expensive', 'first', 'class', 'tickets', 'between', 'atlanta', 'and', 'dallas', '[SEP]']","['O', 'O', 'O', 'O', 'O', 'O', 'O', 'O', 'O', 'O', 'O', 'O', 'O', 'O']"
"['[CLS]', 'what', 'is', 'the', 'most', 'expensive', 'one', 'way', 'fare', 'from', 'boston', 'to', 'atlanta', 'on', 'american', 'airlines', '[SEP]']","['O', 'O', 'O', 'O', 'O', 'O', 'O', 'O', 'O', 'O', 'O', 'O', 'O', 'O', 'O', 'O', 'O']"
"['[CLS]', 'please', 'find', 'the', 'cheap', '##est', 'fare', 'from', 'boston', 'to', 'san', 'francisco', '[SEP]']","['O', 'O', 'O', 'O', 'O', 'O', 'O', 'O', 'O', 'O', 'O', 'O', 'O']"
"['[CLS]', 'cheap', '##est', 'round', 'trip', 'air', '##fare', 'from', 'tacoma', 'to', 'orlando', '[SEP]']","['O', 'O', 'O', 'O', 'O', 'O', 'O', 'O', 'O', 'O', 'O', 'O']"
"['[CLS]', 'what', 'is', 'the', 'fare', 'from', 'boston', 'to', 'san', 'francisco', 'on', 'united', 'airlines', 'flight', '21', '[SEP]']","['O', 'O', 'O', 'O', 'O', 'O', 'O', 'O', 'O', 'O', 'O', 'O', 'O', 'O', 'O', 'O']"
"['[CLS]', 'round', 'trip', 'fares', 'from', 'denver', 'to', 'philadelphia', 'under', '1000', 'dollars', '[SEP]']","['O', 'O', 'O', 'O', 'O', 'O', 'O', 'O', 'O', 'O', 'O', 'O']"
"['[CLS]', 'show', 'fares', 'and', 'flights', 'from', 'denver', 'to', 'oakland', '[SEP]']","['O', 'O', 'O', 'O', 'O', 'O', 'O', 'O', 'O', 'O']"
"['[CLS]', 'i', 'would', 'like', 'the', 'time', 'your', 'earliest', 'flight', 'from', 'washington', 'to', 'philadelphia', '[SEP]']","['O', 'O', 'O', 'O', 'O', 'O', 'O', 'O', 'O', 'O', 'O', 'O', 'O', 'O']"
"['[CLS]', 'what', ""'"", 's', 'the', 'cheap', '##est', 'fare', 'for', 'a', 'round', 'trip', 'from', 'indianapolis', 'to', 'orlando', 'on', 'december', 'twenty', 'seventh', '[SEP]']","['O', 'O', 'O', 'O', 'O', 'O', 'O', 'O', 'O', 'O', 'O', 'O', 'O', 'O', 'O', 'O', 'O', 'O', 'O', 'O', 'O']"
"['[CLS]', 'show', 'me', 'the', 'price', 'of', 'all', 'flights', 'from', 'atlanta', 'to', 'washington', 'dc', '[SEP]']","['O', 'O', 'O', 'O', 'O', 'O', 'O', 'O', 'O', 'O', 'O', 'O', 'O', 'O']"
"['[CLS]', 'what', 'is', 'the', 'price', 'of', 'a', 'first', 'class', 'ticket', 'from', 'milwaukee', 'to', 'san', 'francisco', 'round', 'trip', '[SEP]']","['O', 'O', 'O', 'O', 'O', 'O', 'O', 'O', 'O', 'O', 'O', 'O', 'O', 'O', 'O', 'O', 'O', 'O']"
"['[CLS]', 'what', 'are', 'the', 'cost', 'of', 'morning', 'flights', 'from', 'atlanta', 'to', 'baltimore', '[SEP]']","['O', 'O', 'O', 'O', 'O', 'O', 'O', 'O', 'O', 'O', 'O', 'O', 'O']"
"['[CLS]', 'i', ""'"", 'd', 'like', 'information', 'on', 'the', 'least', 'expensive', 'air', '##fare', 'round', 'trip', 'from', 'pittsburgh', 'to', 'boston', '[SEP]']","['O', 'O', 'O', 'O', 'O', 'O', 'O', 'O', 'O', 'O', 'O', 'O', 'O', 'O', 'O', 'O', 'O', 'O', 'O']"
"['[CLS]', 'round', 'trip', 'fares', 'from', 'baltimore', 'to', 'philadelphia', 'less', 'than', '1000', 'dollars', 'round', 'trip', 'fares', 'from', 'denver', 'to', 'philadelphia', 'less', 'than', '1000', 'dollars', 'round', 'trip', 'fares', 'from', 'pittsburgh', 'to', 'philadelphia', 'less', 'than', '1000', 'dollars', '[SEP]']","['O', 'O', 'O', 'O', 'O', 'O', 'O', 'O', 'O', 'O', 'O', 'O', 'O', 'O', 'O', 'O', 'O', 'O', 'O', 'O', 'O', 'O', 'O', 'O', 'O', 'O', 'O', 'O', 'O', 'O', 'O', 'O', 'O', 'O', 'O']"
"['[CLS]', 'what', 'is', 'the', 'fare', 'from', 'san', 'francisco', 'to', 'dallas', 'fort', 'worth', 'on', 'delta', 'flight', '85', '##2', '[SEP]']","['O', 'O', 'O', 'O', 'O', 'O', 'O', 'O', 'O', 'O', 'O', 'O', 'O', 'O', 'O', 'O', 'O', 'O']"
"['[CLS]', 'what', 'is', 'the', 'cheap', '##est', 'round', 'trip', 'fare', 'from', 'atlanta', 'to', 'pittsburgh', '[SEP]']","['O', 'O', 'O', 'O', 'O', 'O', 'O', 'O', 'O', 'O', 'O', 'O', 'O', 'O']"
"['[CLS]', 'show', 'me', 'us', 'air', 'fares', 'for', 'next', 'sunday', 'from', 'miami', 'to', 'cleveland', '[SEP]']","['O', 'O', 'O', 'O', 'O', 'O', 'O', 'O', 'O', 'O', 'O', 'O', 'O', 'O']"
"['[CLS]', 'get', 'the', 'saturday', 'fare', 'from', 'washington', 'to', 'toronto', '[SEP]']","['O', 'O', 'O', 'O', 'O', 'O', 'O', 'O', 'O', 'O']"
"['[CLS]', 'round', 'trip', 'fares', 'from', 'denver', 'to', 'philadelphia', 'less', 'than', '1000', 'dollars', '[SEP]']","['O', 'O', 'O', 'O', 'O', 'O', 'O', 'O', 'O', 'O', 'O', 'O', 'O']"
"['[CLS]', 'can', 'you', 'show', 'me', 'one', 'way', 'economy', 'fares', 'from', 'dallas', 'to', 'atlanta', '[SEP]']","['O', 'O', 'O', 'O', 'O', 'O', 'O', 'O', 'O', 'O', 'O', 'O', 'O', 'O']"
"['[CLS]', 'how', 'much', 'does', 'flight', 'ua', '270', 'from', 'denver', 'to', 'philadelphia', 'cost', '[SEP]']","['O', 'O', 'O', 'O', 'O', 'O', 'O', 'O', 'O', 'O', 'O', 'O', 'O']"
"['[CLS]', 'i', 'need', '2', 'first', 'class', 'tickets', 'from', 'dallas', 'fort', 'worth', 'to', 'san', 'francisco', '[SEP]']","['O', 'O', 'O', 'O', 'O', 'O', 'O', 'O', 'O', 'O', 'O', 'O', 'O', 'O', 'O']"
"['[CLS]', 'show', 'me', 'the', 'fares', 'from', 'washington', 'to', 'oakland', '[SEP]']","['O', 'O', 'O', 'O', 'O', 'O', 'O', 'O', 'O', 'O']"
"['[CLS]', 'what', ""'"", 's', 'the', 'lowest', 'round', 'trip', 'fare', 'from', 'dallas', 'to', 'atlanta', '[SEP]']","['O', 'O', 'O', 'O', 'O', 'O', 'O', 'O', 'O', 'O', 'O', 'O', 'O', 'O']"
"['[CLS]', 'how', 'much', 'is', 'a', 'first', 'class', 'ticket', 'from', 'washington', 'to', 'san', 'francisco', 'leaving', 'on', 'friday', '[SEP]']","['O', 'O', 'O', 'O', 'O', 'O', 'O', 'O', 'O', 'O', 'O', 'O', 'O', 'O', 'O', 'O', 'O']"
"['[CLS]', 'show', 'me', 'the', 'cheap', '##est', 'fare', 'from', 'baltimore', 'to', 'dallas', '[SEP]']","['O', 'O', 'O', 'O', 'O', 'O', 'O', 'O', 'O', 'O', 'O', 'O']"
"['[CLS]', 'what', 'is', 'the', 'minimum', 'connection', 'time', 'for', 'houston', 'intercontinental', '[SEP]']","['O', 'O', 'O', 'O', 'O', 'O', 'O', 'O', 'O', 'O', 'O']"
"['[CLS]', 'what', 'is', 'the', 'schedule', 'for', 'flights', 'between', 'pittsburgh', 'and', 'boston', 'on', 'the', 'evening', 'of', 'july', 'ninth', '[SEP]']","['O', 'O', 'O', 'O', 'O', 'O', 'O', 'O', 'O', 'O', 'O', 'O', 'O', 'O', 'O', 'O', 'O', 'O']"
"['[CLS]', 'round', 'trip', 'air', 'fares', 'from', 'baltimore', 'to', 'philadelphia', 'less', 'than', '1000', 'dollars', '[SEP]']","['O', 'O', 'O', 'O', 'O', 'O', 'O', 'O', 'O', 'O', 'O', 'O', 'O', 'O']"
"['[CLS]', 'what', 'are', 'the', 'fares', 'for', 'flights', 'between', 'atlanta', 'and', 'd', '##f', '##w', 'provided', 'by', 'american', 'airlines', '[SEP]']","['O', 'O', 'O', 'O', 'O', 'O', 'O', 'O', 'O', 'O', 'O', 'O', 'O', 'O', 'O', 'O', 'O', 'O']"
"['[CLS]', 'show', 'me', 'times', 'for', 'flights', 'from', 'san', 'francisco', 'to', 'atlanta', '[SEP]']","['O', 'O', 'O', 'O', 'O', 'O', 'O', 'O', 'O', 'O', 'O', 'O']"
"['[CLS]', 'how', 'much', 'is', 'a', 'round', 'trip', 'first', 'class', 'fare', 'between', 'boston', 'and', 'washington', '[SEP]']","['O', 'O', 'O', 'O', 'O', 'O', 'O', 'O', 'O', 'O', 'O', 'O', 'O', 'O', 'O']"
"['[CLS]', 'what', 'are', 'the', 'prices', 'of', 'the', 'flights', 'from', 'atlanta', 'to', 'dallas', 'in', 'the', 'morning', '[SEP]']","['O', 'O', 'O', 'O', 'O', 'O', 'O', 'O', 'O', 'O', 'O', 'O', 'O', 'O', 'O', 'O']"
"['[CLS]', 'i', ""'"", 'd', 'like', 'a', 'round', 'trip', 'ticket', 'from', 'los', 'angeles', 'to', 'tacoma', 'washington', '[SEP]']","['O', 'O', 'O', 'O', 'O', 'O', 'O', 'O', 'O', 'O', 'O', 'O', 'O', 'O', 'O', 'O']"
"['[CLS]', 'please', 'give', 'me', 'the', 'flight', 'times', 'i', 'would', 'like', 'to', 'fly', 'from', 'boston', 'to', 'baltimore', 'in', 'the', 'morning', 'before', '8', '[SEP]']","['O', 'O', 'O', 'O', 'O', 'O', 'O', 'O', 'O', 'O', 'O', 'O', 'O', 'O', 'O', 'O', 'O', 'O', 'O', 'O', 'O', 'O']"
"['[CLS]', 'list', 'a', 'round', 'trip', 'fare', 'from', 'kansas', 'city', 'to', 'minneapolis', 'flights', '[SEP]']","['O', 'O', 'O', 'O', 'O', 'O', 'O', 'O', 'O', 'O', 'O', 'O', 'O']"
"['[CLS]', 'list', 'departure', 'times', 'from', 'denver', 'to', 'philadelphia', 'which', 'are', 'later', 'than', '10', 'o', ""'"", 'clock', 'and', 'earlier', 'than', '2', 'pm', '[SEP]']","['O', 'O', 'O', 'O', 'O', 'O', 'O', 'O', 'O', 'O', 'O', 'O', 'O', 'O', 'O', 'O', 'O', 'O', 'O', 'O', 'O', 'O']"
"['[CLS]', 'what', 'are', 'the', 'schedule', 'of', 'flights', 'from', 'boston', 'to', 'san', 'francisco', 'for', 'august', 'first', '[SEP]']","['O', 'O', 'O', 'O', 'O', 'O', 'O', 'O', 'O', 'O', 'O', 'O', 'O', 'O', 'O', 'O']"
"['[CLS]', 'on', 'united', 'airlines', 'give', 'me', 'the', 'flight', 'times', 'from', 'boston', 'to', 'dallas', '[SEP]']","['O', 'O', 'O', 'O', 'O', 'O', 'O', 'O', 'O', 'O', 'O', 'O', 'O', 'O']"
"['[CLS]', 'what', 'time', 'are', 'the', 'flights', 'from', 'baltimore', 'to', 'san', 'francisco', '[SEP]']","['O', 'O', 'O', 'O', 'O', 'O', 'O', 'O', 'O', 'O', 'O', 'O']"
"['[CLS]', 'could', 'you', 'please', 'give', 'me', 'a', 'one', 'way', 'fare', 'from', 'pittsburgh', 'to', 'atlanta', '[SEP]']","['O', 'O', 'O', 'O', 'O', 'O', 'O', 'O', 'O', 'O', 'O', 'O', 'O', 'O', 'O']"
"['[CLS]', 'how', 'much', 'does', 'a', 'first', 'class', 'round', 'trip', 'ticket', 'from', 'cleveland', 'to', 'miami', 'on', 'us', 'air', 'cost', '[SEP]']","['O', 'O', 'O', 'O', 'O', 'O', 'O', 'O', 'O', 'O', 'O', 'O', 'O', 'O', 'O', 'O', 'O', 'O', 'O']"
"['[CLS]', 'what', ""'"", 's', 'the', 'price', 'of', 'the', 'least', 'expensive', 'first', 'class', 'round', 'trip', 'ticket', 'on', 'us', 'air', 'from', 'cleveland', 'to', 'miami', '[SEP]']","['O', 'O', 'O', 'O', 'O', 'O', 'O', 'O', 'O', 'O', 'O', 'O', 'O', 'O', 'O', 'O', 'O', 'O', 'O', 'O', 'O', 'O', 'O']"
"['[CLS]', 'please', 'tell', 'me', 'the', 'times', 'of', 'the', 'flights', 'between', 'boston', 'and', 'baltimore', '[SEP]']","['O', 'O', 'O', 'O', 'O', 'O', 'O', 'O', 'O', 'O', 'O', 'O', 'O', 'O']"
"['[CLS]', 'what', 'is', 'the', 'price', 'of', 'a', 'one', 'way', 'fare', 'from', 'boston', 'to', 'denver', 'on', 'continental', 'airlines', '[SEP]']","['O', 'O', 'O', 'O', 'O', 'O', 'O', 'O', 'O', 'O', 'O', 'O', 'O', 'O', 'O', 'O', 'O', 'O']"
"['[CLS]', 'show', 'me', 'round', 'trip', 'fares', 'from', 'baltimore', 'to', 'philadelphia', '[SEP]']","['O', 'O', 'O', 'O', 'O', 'O', 'O', 'O', 'O', 'O', 'O']"
"['[CLS]', 'show', 'me', 'the', 'fares', 'from', 'dallas', 'to', 'san', 'francisco', '[SEP]']","['O', 'O', 'O', 'O', 'O', 'O', 'O', 'O', 'O', 'O', 'O']"
"['[CLS]', 'how', 'much', 'is', 'a', 'round', 'trip', 'fare', 'from', 'nashville', 'to', 'seattle', '[SEP]']","['O', 'O', 'O', 'O', 'O', 'O', 'O', 'O', 'O', 'O', 'O', 'O', 'O']"
"['[CLS]', 'show', 'business', 'class', 'fares', 'from', 'san', 'francisco', 'to', 'denver', 'on', 'united', 'airlines', '[SEP]']","['O', 'O', 'O', 'O', 'O', 'O', 'O', 'O', 'O', 'O', 'O', 'O', 'O', 'O']"
"['[CLS]', 'show', 'me', 'the', 'most', 'expensive', 'fare', '[SEP]']","['O', 'O', 'O', 'O', 'O', 'O', 'O', 'O']"
"['[CLS]', 'show', 'me', 'the', 'cheap', '##est', 'round', 'trip', 'fare', 'from', 'baltimore', 'to', 'dallas', '[SEP]']","['O', 'O', 'O', 'O', 'O', 'O', 'O', 'O', 'O', 'O', 'O', 'O', 'O', 'O']"
"['[CLS]', 'show', 'me', 'the', 'one', 'way', 'fares', 'from', 'san', 'diego', 'to', 'miami', 'nonstop', '[SEP]']","['O', 'O', 'O', 'O', 'O', 'O', 'O', 'O', 'O', 'O', 'O', 'O', 'O', 'O']"
"['[CLS]', 'could', 'you', 'please', 'find', 'me', 'the', 'cheap', '##est', 'one', 'way', 'fare', 'from', 'boston', 'to', 'philadelphia', '[SEP]']","['O', 'O', 'O', 'O', 'O', 'O', 'O', 'O', 'O', 'O', 'O', 'O', 'O', 'O', 'O', 'O', 'O']"
"['[CLS]', 'i', 'need', 'the', 'fares', 'on', 'flights', 'from', 'washington', 'to', 'toronto', 'on', 'a', 'saturday', '[SEP]']","['O', 'O', 'O', 'O', 'O', 'O', 'O', 'O', 'O', 'O', 'O', 'O', 'O', 'O', 'O']"
"['[CLS]', 'show', 'me', 'the', 'round', 'trip', 'tickets', 'from', 'baltimore', 'to', 'atlanta', '[SEP]']","['O', 'O', 'O', 'O', 'O', 'O', 'O', 'O', 'O', 'O', 'O', 'O']"
"['[CLS]', 'what', 'is', 'the', 'economy', 'th', '##rift', 'fare', 'from', 'boston', 'to', 'washington', '[SEP]']","['O', 'O', 'O', 'O', 'O', 'O', 'O', 'O', 'O', 'O', 'O', 'O', 'O']"
"['[CLS]', 'show', 'me', 'the', 'cheap', '##est', 'one', 'way', 'fare', 'from', 'san', 'francisco', 'to', 'houston', 'on', 'february', 'twenty', 'eighth', '1994', '[SEP]']","['O', 'O', 'O', 'O', 'O', 'O', 'O', 'O', 'O', 'O', 'O', 'O', 'O', 'O', 'O', 'O', 'O', 'O', 'O', 'O']"
"['[CLS]', 'list', 'the', 'fares', 'of', 'the', 'delta', 'airlines', 'flights', 'from', 'boston', 'to', 'philadelphia', '[SEP]']","['O', 'O', 'O', 'O', 'O', 'O', 'O', 'O', 'O', 'O', 'O', 'O', 'O', 'O']"
"['[CLS]', 'show', 'me', 'the', 'first', 'class', 'fares', 'from', 'boston', 'to', 'denver', '[SEP]']","['O', 'O', 'O', 'O', 'O', 'O', 'O', 'O', 'O', 'O', 'O', 'O']"
"['[CLS]', 'what', 'is', 'the', 'cheap', '##est', 'fare', 'between', 'atlanta', 'and', 'san', 'francisco', '[SEP]']","['O', 'O', 'O', 'O', 'O', 'O', 'O', 'O', 'O', 'O', 'O', 'O', 'O']"
"['[CLS]', 'what', 'is', 'the', 'round', 'trip', 'first', 'class', 'fare', 'on', 'united', 'from', 'boston', 'to', 'san', 'francisco', '[SEP]']","['O', 'O', 'O', 'O', 'O', 'O', 'O', 'O', 'O', 'O', 'O', 'O', 'O', 'O', 'O', 'O', 'O']"
"['[CLS]', 'could', 'you', 'give', 'me', 'the', 'schedule', 'of', 'flights', 'for', 'american', 'and', 'delta', 'to', 'd', '##f', '##w', 'on', 'august', 'fifteenth', '[SEP]']","['O', 'O', 'O', 'O', 'O', 'O', 'O', 'O', 'O', 'O', 'O', 'O', 'O', 'O', 'O', 'O', 'O', 'O', 'O', 'O', 'O']"
"['[CLS]', 'please', 'list', 'fares', 'for', 'all', 'the', 'flights', 'from', 'atlanta', 'to', 'philadelphia', 'on', 'august', 'the', 'first', '[SEP]']","['O', 'O', 'O', 'O', 'O', 'O', 'O', 'O', 'O', 'O', 'O', 'O', 'O', 'O', 'O', 'O', 'O']"
"['[CLS]', 'what', 'is', 'the', 'lowest', 'fare', 'from', 'denver', 'to', 'pittsburgh', '[SEP]']","['O', 'O', 'O', 'O', 'O', 'O', 'O', 'O', 'O', 'O', 'O']"
"['[CLS]', 'what', 'is', 'the', 'total', 'schedule', 'for', 'delta', ""'"", 's', 'flights', 'to', 'all', 'airports', '[SEP]']","['O', 'O', 'O', 'O', 'O', 'O', 'O', 'O', 'O', 'O', 'O', 'O', 'O', 'O', 'O']"
"['[CLS]', 'what', 'is', 'the', 'fare', 'going', 'from', 'atlanta', 'to', 'boston', 'one', 'way', 'on', 'november', 'seventh', '[SEP]']","['O', 'O', 'O', 'O', 'O', 'O', 'O', 'O', 'O', 'O', 'O', 'O', 'O', 'O', 'O', 'O']"
"['[CLS]', 'cheap', '##est', 'fare', 'from', 'nashville', 'to', 'seattle', '[SEP]']","['O', 'O', 'O', 'O', 'O', 'O', 'O', 'O', 'O']"
"['[CLS]', 'what', 'is', 'the', 'cheap', '##est', 'fare', 'that', 'i', 'can', 'get', 'between', 'philadelphia', 'and', 'san', 'francisco', '[SEP]']","['O', 'O', 'O', 'O', 'O', 'O', 'O', 'O', 'O', 'O', 'O', 'O', 'O', 'O', 'O', 'O', 'O']"
"['[CLS]', 'show', 'me', 'the', 'fares', 'on', 'all', 'flights', 'round', 'trip', 'from', 'pittsburgh', 'to', 'oakland', '[SEP]']","['O', 'O', 'O', 'O', 'O', 'O', 'O', 'O', 'O', 'O', 'O', 'O', 'O', 'O', 'O']"
"['[CLS]', 'what', 'are', 'the', 'times', 'that', 'you', 'have', 'planes', 'leaving', 'from', 'san', 'francisco', 'going', 'to', 'pittsburgh', 'on', 'july', 'seventh', '[SEP]']","['O', 'O', 'O', 'O', 'O', 'O', 'O', 'O', 'O', 'O', 'O', 'O', 'O', 'O', 'O', 'O', 'O', 'O', 'O', 'O']"
"['[CLS]', 'hi', 'could', 'i', 'get', 'a', 'one', 'way', 'ticket', 'from', 'milwaukee', 'to', 'orlando', '[SEP]']","['O', 'O', 'O', 'O', 'O', 'O', 'O', 'O', 'O', 'O', 'O', 'O', 'O', 'O']"
"['[CLS]', 'what', 'is', 'the', 'most', 'expensive', 'one', 'way', 'fare', 'between', 'detroit', 'and', 'westchester', 'county', '[SEP]']","['O', 'O', 'O', 'O', 'O', 'O', 'O', 'O', 'O', 'O', 'O', 'O', 'O', 'O', 'O']"
"['[CLS]', 'show', 'me', 'the', 'schedule', 'for', 'airlines', 'leaving', 'pittsburgh', 'going', 'to', 'san', 'francisco', 'for', 'next', 'monday', '[SEP]']","['O', 'O', 'O', 'O', 'O', 'O', 'O', 'O', 'O', 'O', 'O', 'O', 'O', 'O', 'O', 'O', 'O']"
"['[CLS]', 'please', 'show', 'me', 'round', 'trip', 'tickets', 'from', 'denver', 'to', 'oakland', '[SEP]']","['O', 'O', 'O', 'O', 'O', 'O', 'O', 'O', 'O', 'O', 'O', 'O']"
"['[CLS]', 'what', 'is', 'the', 'cheap', '##est', 'fare', 'from', 'baltimore', 'to', 'dallas', 'in', 'any', 'class', '[SEP]']","['O', 'O', 'O', 'O', 'O', 'O', 'O', 'O', 'O', 'O', 'O', 'O', 'O', 'O', 'O']"
"['[CLS]', 'what', 'is', 'the', 'lowest', 'fare', 'for', 'a', 'flight', 'from', 'washington', 'dc', 'to', 'boston', '[SEP]']","['O', 'O', 'O', 'O', 'O', 'O', 'O', 'O', 'O', 'O', 'O', 'O', 'O', 'O', 'O']"
"['[CLS]', 'what', 'is', 'the', 'cheap', '##est', 'one', 'way', 'fare', 'from', 'atlanta', 'to', 'boston', '[SEP]']","['O', 'O', 'O', 'O', 'O', 'O', 'O', 'O', 'O', 'O', 'O', 'O', 'O', 'O']"
"['[CLS]', 'round', 'trip', 'air', 'fares', 'from', 'pittsburgh', 'to', 'philadelphia', 'less', 'than', '1000', 'dollars', '[SEP]']","['O', 'O', 'O', 'O', 'O', 'O', 'O', 'O', 'O', 'O', 'O', 'O', 'O', 'O']"
"['[CLS]', 'what', ""'"", 's', 'the', 'schedule', 'of', 'flights', 'from', 'atlanta', 'to', 'boston', 'on', 'august', 'first', '[SEP]']","['O', 'O', 'O', 'O', 'O', 'O', 'O', 'O', 'O', 'O', 'O', 'O', 'O', 'O', 'O', 'O']"
"['[CLS]', 'show', 'me', 'the', 'air', 'fare', 'for', 'the', 'flights', 'from', 'baltimore', 'to', 'dallas', '[SEP]']","['O', 'O', 'O', 'O', 'O', 'O', 'O', 'O', 'O', 'O', 'O', 'O', 'O', 'O']"
"['[CLS]', 'what', 'time', 'does', 'the', 'tuesday', 'morning', '75', '##5', 'flight', 'leaving', 'washington', 'arrive', 'in', 'san', 'francisco', '[SEP]']","['O', 'O', 'O', 'O', 'O', 'O', 'O', 'O', 'O', 'O', 'O', 'O', 'O', 'O', 'O', 'O', 'O']"
"['[CLS]', 'please', 'list', 'the', 'flight', 'times', 'for', 'boston', 'to', 'pittsburgh', '[SEP]']","['O', 'O', 'O', 'O', 'O', 'O', 'O', 'O', 'O', 'O', 'O']"
"['[CLS]', 'please', 'list', 'the', 'flight', 'times', 'from', 'pittsburgh', 'to', 'newark', '[SEP]']","['O', 'O', 'O', 'O', 'O', 'O', 'O', 'O', 'O', 'O', 'O']"
"['[CLS]', 'what', 'are', 'the', 'fares', 'between', 'new', 'york', 'and', 'la', 'on', 'monday', 'morning', '[SEP]']","['O', 'O', 'O', 'O', 'O', 'O', 'O', 'O', 'O', 'O', 'O', 'O', 'O', 'O']"
"['[CLS]', 'what', 'is', 'the', 'fare', 'going', 'from', 'baltimore', 'to', 'atlanta', 'one', 'way', 'on', 'november', 'seventh', '[SEP]']","['O', 'O', 'O', 'O', 'O', 'O', 'O', 'O', 'O', 'O', 'O', 'O', 'O', 'O', 'O', 'O']"
"['[CLS]', 'round', 'trip', 'first', 'class', 'fares', 'new', 'york', 'to', 'miami', '[SEP]']","['O', 'O', 'O', 'O', 'O', 'O', 'O', 'O', 'O', 'O', 'O']"
"['[CLS]', 'show', 'me', 'all', 'fares', 'from', 'new', 'york', 'to', 'miami', 'leaving', 'on', 'a', 'tuesday', '[SEP]']","['O', 'O', 'O', 'O', 'O', 'O', 'O', 'O', 'O', 'O', 'O', 'O', 'O', 'O', 'O']"
"['[CLS]', 'what', 'is', 'the', 'cheap', '##est', 'one', 'way', 'fare', 'from', 'any', 'city', 'to', 'another', '[SEP]']","['O', 'O', 'O', 'O', 'O', 'O', 'O', 'O', 'O', 'O', 'O', 'O', 'O', 'O', 'O']"
"['[CLS]', 'what', 'is', 'the', 'air', '##fare', 'for', 'a', 'round', 'trip', 'first', 'class', 'ticket', 'from', 'detroit', 'to', 'st', '.', 'petersburg', '[SEP]']","['O', 'O', 'O', 'O', 'O', 'O', 'O', 'O', 'O', 'O', 'O', 'O', 'O', 'O', 'O', 'O', 'O', 'O', 'O', 'O']"
"['[CLS]', 'show', 'me', 'first', 'class', 'fares', 'from', 'dallas', 'to', 'baltimore', '[SEP]']","['O', 'O', 'O', 'O', 'O', 'O', 'O', 'O', 'O', 'O', 'O']"
"['[CLS]', 'what', 'is', 'the', 'cheap', '##est', 'fare', 'one', 'way', 'between', 'pittsburgh', 'and', 'denver', '[SEP]']","['O', 'O', 'O', 'O', 'O', 'O', 'O', 'O', 'O', 'O', 'O', 'O', 'O', 'O']"
"['[CLS]', 'cheap', '##est', 'one', 'way', 'fare', 'from', 'indianapolis', 'to', 'orlando', 'on', 'december', 'twenty', 'seventh', '[SEP]']","['O', 'O', 'O', 'O', 'O', 'O', 'O', 'O', 'O', 'O', 'O', 'O', 'O', 'O', 'O']"
"['[CLS]', 'give', 'me', 'fares', 'from', 'atlanta', 'to', 'baltimore', '[SEP]']","['O', 'O', 'O', 'O', 'O', 'O', 'O', 'O', 'O']"
"['[CLS]', 'show', 'me', 'prices', 'of', 'flights', 'from', 'baltimore', 'to', 'dallas', '[SEP]']","['O', 'O', 'O', 'O', 'O', 'O', 'O', 'O', 'O', 'O', 'O']"
"['[CLS]', 'what', 'is', 'the', 'cost', 'of', 'a', 'round', 'trip', 'ticket', 'flying', 'from', 'boston', 'to', 'dallas', 'dallas', 'to', 'oakland', 'leaving', 'july', 'first', '[SEP]']","['O', 'O', 'O', 'O', 'O', 'O', 'O', 'O', 'O', 'O', 'O', 'O', 'O', 'O', 'O', 'O', 'O', 'O', 'O', 'O', 'O', 'O']"
"['[CLS]', 'what', 'is', 'the', 'cheap', '##est', 'round', 'trip', 'fare', 'from', 'pittsburgh', 'to', 'atlanta', '[SEP]']","['O', 'O', 'O', 'O', 'O', 'O', 'O', 'O', 'O', 'O', 'O', 'O', 'O', 'O']"
"['[CLS]', 'fares', 'from', 'dallas', 'to', 'baltimore', '[SEP]']","['O', 'O', 'O', 'O', 'O', 'O', 'O']"
"['[CLS]', 'what', ""'"", 's', 'the', 'lowest', 'round', 'trip', 'fare', 'from', 'b', '##wi', 'to', 'any', 'city', '[SEP]']","['O', 'O', 'O', 'O', 'O', 'O', 'O', 'O', 'O', 'O', 'O', 'O', 'O', 'O', 'O', 'O']"
"['[CLS]', 'show', 'me', 'the', 'cheap', '##est', 'one', 'way', 'fares', 'from', 'san', 'diego', 'to', 'miami', '[SEP]']","['O', 'O', 'O', 'O', 'O', 'O', 'O', 'O', 'O', 'O', 'O', 'O', 'O', 'O', 'O']"
"['[CLS]', 'i', 'need', 'a', 'first', 'class', 'ticket', 'on', 'united', 'airlines', 'from', 'denver', 'to', 'baltimore', 'scheduled', 'for', 'december', 'seventeenth', '[SEP]']","['O', 'O', 'O', 'O', 'O', 'O', 'O', 'O', 'O', 'O', 'O', 'O', 'O', 'O', 'O', 'O', 'O', 'O', 'O']"
"['[CLS]', 'please', 'list', 'the', 'flight', 'schedule', 'from', 'baltimore', 'to', 'san', 'francisco', 'on', 'friday', 'nights', '[SEP]']","['O', 'O', 'O', 'O', 'O', 'O', 'O', 'O', 'O', 'O', 'O', 'O', 'O', 'O', 'O']"
"['[CLS]', 'what', 'is', 'the', 'cheap', '##est', 'one', 'way', 'ticket', 'from', 'denver', 'to', 'pittsburgh', '[SEP]']","['O', 'O', 'O', 'O', 'O', 'O', 'O', 'O', 'O', 'O', 'O', 'O', 'O', 'O']"
"['[CLS]', 'when', 'does', 'continental', 'fly', 'from', 'philadelphia', 'to', 'denver', 'on', 'sundays', '[SEP]']","['O', 'O', 'O', 'O', 'O', 'O', 'O', 'O', 'O', 'O', 'O', 'O']"
"['[CLS]', 'what', 'is', 'the', 'fare', 'on', 'november', 'seventh', 'going', 'one', 'way', 'from', 'pittsburgh', 'to', 'philadelphia', '[SEP]']","['O', 'O', 'O', 'O', 'O', 'O', 'O', 'O', 'O', 'O', 'O', 'O', 'O', 'O', 'O', 'O']"
"['[CLS]', 'could', 'you', 'please', 'give', 'me', 'the', 'round', 'trip', 'fare', 'from', 'denver', 'to', 'atlanta', '[SEP]']","['O', 'O', 'O', 'O', 'O', 'O', 'O', 'O', 'O', 'O', 'O', 'O', 'O', 'O', 'O']"
"['[CLS]', 'what', 'times', 'does', 'continental', 'depart', 'from', 'boston', 'to', 'san', 'francisco', '[SEP]']","['O', 'O', 'O', 'O', 'O', 'O', 'O', 'O', 'O', 'O', 'O', 'O']"
"['[CLS]', 'what', 'are', 'the', 'fares', 'for', 'flights', 'serving', 'a', 'meal', 'from', 'boston', 'to', 'pittsburgh', 'before', 'noon', 'on', 'thursday', '[SEP]']","['O', 'O', 'O', 'O', 'O', 'O', 'O', 'O', 'O', 'O', 'O', 'O', 'O', 'O', 'O', 'O', 'O', 'O', 'O']"
"['[CLS]', 'fares', 'between', 'atlanta', 'and', 'boston', '[SEP]']","['O', 'O', 'O', 'O', 'O', 'O', 'O']"
"['[CLS]', 'please', 'give', 'me', 'the', 'flight', 'times', 'the', 'morning', 'on', 'united', 'airlines', 'for', 'september', 'twentieth', 'from', 'philadelphia', 'to', 'san', 'francisco', '[SEP]']","['O', 'O', 'O', 'O', 'O', 'O', 'O', 'O', 'O', 'O', 'O', 'O', 'O', 'O', 'O', 'O', 'O', 'O', 'O', 'O', 'O']"
"['[CLS]', 'fares', 'and', 'flights', 'from', 'baltimore', 'to', 'philadelphia', '[SEP]']","['O', 'O', 'O', 'O', 'O', 'O', 'O', 'O', 'O']"
"['[CLS]', 'show', 'me', 'the', 'air', '##fare', 'from', 'pittsburgh', 'to', 'san', 'francisco', '[SEP]']","['O', 'O', 'O', 'O', 'O', 'O', 'O', 'O', 'O', 'O', 'O', 'O']"
"['[CLS]', 'what', 'is', 'the', 'cheap', '##est', 'ticket', 'from', 'baltimore', 'to', 'san', 'francisco', 'on', 'friday', 'august', 'th', '##ir', '##tie', '##th', '[SEP]']","['O', 'O', 'O', 'O', 'O', 'O', 'O', 'O', 'O', 'O', 'O', 'O', 'O', 'O', 'O', 'O', 'O', 'O', 'O', 'O']"
"['[CLS]', 'what', ""'"", 's', 'the', 'fare', 'for', 'delta', 'flight', '217', 'from', 'dallas', 'to', 'san', 'francisco', '[SEP]']","['O', 'O', 'O', 'O', 'O', 'O', 'O', 'O', 'O', 'O', 'O', 'O', 'O', 'O', 'O', 'O']"
"['[CLS]', 'i', 'am', 'looking', 'to', 'get', 'one', 'air', 'fare', 'from', 'baltimore', 'to', 'san', 'francisco', 'on', 'a', '747', 'leaving', 'august', 'twenty', 'seventh', '[SEP]']","['O', 'O', 'O', 'O', 'O', 'O', 'O', 'O', 'O', 'O', 'O', 'O', 'O', 'O', 'O', 'O', 'O', 'O', 'O', 'O', 'O', 'O']"
"['[CLS]', 'what', ""'"", 's', 'the', 'cost', 'of', 'a', 'first', 'class', 'fare', 'from', 'philadelphia', 'to', 'san', 'francisco', '[SEP]']","['O', 'O', 'O', 'O', 'O', 'O', 'O', 'O', 'O', 'O', 'O', 'O', 'O', 'O', 'O', 'O', 'O']"
"['[CLS]', 'show', 'me', 'the', 'cheap', '##est', 'one', 'way', 'fares', 'from', 'san', 'diego', 'to', 'miami', '[SEP]']","['O', 'O', 'O', 'O', 'O', 'O', 'O', 'O', 'O', 'O', 'O', 'O', 'O', 'O', 'O']"
"['[CLS]', 'please', 'list', 'the', 'flight', 'times', 'from', 'pittsburgh', 'to', 'newark', '[SEP]']","['O', 'O', 'O', 'O', 'O', 'O', 'O', 'O', 'O', 'O', 'O']"
"['[CLS]', 'let', ""'"", 's', 'see', 'how', 'much', 'would', 'a', 'direct', 'flight', 'from', 'atlanta', 'to', 'denver', 'be', 'on', 'may', 'seventh', '[SEP]']","['O', 'O', 'O', 'O', 'O', 'O', 'O', 'O', 'O', 'O', 'O', 'O', 'O', 'O', 'O', 'O', 'O', 'O', 'O', 'O']"
"['[CLS]', 'i', 'would', 'like', 'the', 'cheap', '##est', 'one', 'way', 'fare', 'from', 'dallas', 'to', 'denver', '[SEP]']","['O', 'O', 'O', 'O', 'O', 'O', 'O', 'O', 'O', 'O', 'O', 'O', 'O', 'O', 'O']"
"['[CLS]', 'list', 'fares', 'from', 'washington', 'dc', 'to', 'montreal', '[SEP]']","['O', 'O', 'O', 'O', 'O', 'O', 'O', 'O', 'O']"
"['[CLS]', 'i', 'would', 'like', 'to', 'know', 'the', 'first', 'class', 'fare', 'on', 'a', 'flight', 'from', 'baltimore', 'to', 'denver', '[SEP]']","['O', 'O', 'O', 'O', 'O', 'O', 'O', 'O', 'O', 'O', 'O', 'O', 'O', 'O', 'O', 'O', 'O', 'O']"
"['[CLS]', 'price', 'of', 'flight', 'from', 'nashville', 'to', 'cleveland', '[SEP]']","['O', 'O', 'O', 'O', 'O', 'O', 'O', 'O', 'O']"
"['[CLS]', 'what', 'is', 'the', 'lowest', 'fare', 'from', 'washington', 'dc', 'to', 'montreal', '[SEP]']","['O', 'O', 'O', 'O', 'O', 'O', 'O', 'O', 'O', 'O', 'O', 'O']"
"['[CLS]', 'show', 'me', 'the', 'cheap', '##est', 'one', 'way', 'fare', 'from', 'baltimore', 'to', 'dallas', '[SEP]']","['O', 'O', 'O', 'O', 'O', 'O', 'O', 'O', 'O', 'O', 'O', 'O', 'O', 'O']"
"['[CLS]', 'show', 'me', 'the', 'first', 'class', 'fares', 'from', 'baltimore', 'to', 'dallas', '[SEP]']","['O', 'O', 'O', 'O', 'O', 'O', 'O', 'O', 'O', 'O', 'O', 'O']"
"['[CLS]', 'what', 'united', 'airlines', 'first', 'class', 'air', '##fare', 'flights', 'are', 'available', 'from', 'denver', 'to', 'baltimore', 'on', 'july', 'three', '[SEP]']","['O', 'O', 'O', 'O', 'O', 'O', 'O', 'O', 'O', 'O', 'O', 'O', 'O', 'O', 'O', 'O', 'O', 'O', 'O']"
"['[CLS]', 'can', 'you', 'show', 'me', 'the', 'price', 'of', 'a', 'flight', 'to', 'washington', 'from', 'atlanta', 'on', 'thursday', 'morning', '[SEP]']","['O', 'O', 'O', 'O', 'O', 'O', 'O', 'O', 'O', 'O', 'O', 'O', 'O', 'O', 'O', 'O', 'O', 'O']"
"['[CLS]', 'can', 'you', 'show', 'me', 'the', 'economy', 'fare', 'flights', 'from', 'baltimore', 'to', 'dallas', '[SEP]']","['O', 'O', 'O', 'O', 'O', 'O', 'O', 'O', 'O', 'O', 'O', 'O', 'O', 'O']"
"['[CLS]', 'round', 'trip', 'fares', 'from', 'baltimore', 'to', 'philadelphia', 'under', '1000', 'dollars', '[SEP]']","['O', 'O', 'O', 'O', 'O', 'O', 'O', 'O', 'O', 'O', 'O', 'O']"
"['[CLS]', 'what', ""'"", 's', 'the', 'lowest', 'round', 'trip', 'fare', 'from', 'denver', 'to', 'atlanta', '[SEP]']","['O', 'O', 'O', 'O', 'O', 'O', 'O', 'O', 'O', 'O', 'O', 'O', 'O', 'O']"
"['[CLS]', 'how', 'much', 'is', 'the', 'cheap', '##est', 'flight', 'from', 'denver', 'to', 'pittsburgh', '[SEP]']","['O', 'O', 'O', 'O', 'O', 'O', 'O', 'O', 'O', 'O', 'O', 'O', 'O']"
"['[CLS]', 'please', 'give', 'me', 'fares', 'from', 'denver', 'to', 'philadelphia', '[SEP]']","['O', 'O', 'O', 'O', 'O', 'O', 'O', 'O', 'O', 'O']"
"['[CLS]', 'how', 'much', 'is', 'the', 'cheap', '##est', 'flight', 'from', 'denver', 'to', 'pittsburgh', 'with', 'a', 'stop', 'in', 'atlanta', '[SEP]']","['O', 'O', 'O', 'O', 'O', 'O', 'O', 'O', 'O', 'O', 'O', 'O', 'O', 'O', 'O', 'O', 'O', 'O']"
"['[CLS]', 'what', 'are', 'the', 'fares', 'from', 'newark', 'to', 'la', 'monday', 'and', 'wednesday', '[SEP]']","['O', 'O', 'O', 'O', 'O', 'O', 'O', 'O', 'O', 'O', 'O', 'O', 'O']"
"['[CLS]', 'i', ""'"", 'd', 'like', 'to', 'find', 'the', 'least', 'expensive', 'one', 'way', 'fare', 'from', 'boston', 'to', 'philadelphia', '[SEP]']","['O', 'O', 'O', 'O', 'O', 'O', 'O', 'O', 'O', 'O', 'O', 'O', 'O', 'O', 'O', 'O', 'O', 'O']"
"['[CLS]', 'please', 'show', 'me', 'fares', 'from', 'denver', 'to', 'san', 'francisco', '[SEP]']","['O', 'O', 'O', 'O', 'O', 'O', 'O', 'O', 'O', 'O', 'O']"
"['[CLS]', 'show', 'me', 'fares', 'from', 'baltimore', 'to', 'philadelphia', '[SEP]']","['O', 'O', 'O', 'O', 'O', 'O', 'O', 'O', 'O']"
"['[CLS]', 'lowest', 'fare', 'from', 'san', 'francisco', 'to', 'orlando', '[SEP]']","['O', 'O', 'O', 'O', 'O', 'O', 'O', 'O', 'O']"
"['[CLS]', 'us', '37', '##24', 'baltimore', 'to', 'philadelphia', 'what', 'is', 'the', 'round', 'trip', 'fare', '[SEP]']","['O', 'O', 'O', 'O', 'O', 'O', 'O', 'O', 'O', 'O', 'O', 'O', 'O', 'O']"
"['[CLS]', 'show', 'me', 'fares', 'from', 'miami', 'to', 'new', 'york', '[SEP]']","['O', 'O', 'O', 'O', 'O', 'O', 'O', 'O', 'O', 'O']"
"['[CLS]', 'i', 'would', 'like', 'your', 'rates', 'between', 'atlanta', 'and', 'boston', 'on', 'september', 'third', '[SEP]']","['O', 'O', 'O', 'O', 'O', 'O', 'O', 'O', 'O', 'O', 'O', 'O', 'O', 'O']"
"['[CLS]', 'what', 'is', 'the', 'cost', 'of', 'round', 'trip', 'ticket', 'first', 'class', 'between', 'oakland', 'and', 'atlanta', '[SEP]']","['O', 'O', 'O', 'O', 'O', 'O', 'O', 'O', 'O', 'O', 'O', 'O', 'O', 'O', 'O', 'O']"
"['[CLS]', 'list', 'fares', 'from', 'washington', 'dc', 'to', 'toronto', 'that', 'should', 'be', 'good', '[SEP]']","['O', 'O', 'O', 'O', 'O', 'O', 'O', 'O', 'O', 'O', 'O', 'O', 'O']"
"['[CLS]', 'what', 'is', 'the', 'lowest', 'cost', 'fare', 'that', 'delta', 'has', 'between', 'boston', 'and', 'san', 'francisco', '[SEP]']","['O', 'O', 'O', 'O', 'O', 'O', 'O', 'O', 'O', 'O', 'O', 'O', 'O', 'O', 'O', 'O']"
"['[CLS]', 'what', 'time', 'are', 'flights', 'from', 'denver', 'to', 'san', 'francisco', 'on', 'continental', 'airlines', '[SEP]']","['O', 'O', 'O', 'O', 'O', 'O', 'O', 'O', 'O', 'O', 'O', 'O', 'O', 'O']"
"['[CLS]', 'what', 'are', 'the', 'first', 'class', 'fares', 'from', 'boston', 'to', 'pittsburgh', 'on', 'thursday', '[SEP]']","['O', 'O', 'O', 'O', 'O', 'O', 'O', 'O', 'O', 'O', 'O', 'O', 'O', 'O']"
"['[CLS]', 'i', 'want', 'to', 'know', 'the', 'time', 'of', 'the', 'latest', 'flight', 'i', 'can', 'take', 'from', 'washington', 'to', 'san', 'francisco', 'where', 'i', 'can', 'get', 'a', 'dinner', 'meal', '[SEP]']","['O', 'O', 'O', 'O', 'O', 'O', 'O', 'O', 'O', 'O', 'O', 'O', 'O', 'O', 'O', 'O', 'O', 'O', 'O', 'O', 'O', 'O', 'O', 'O', 'O', 'O', 'O']"
"['[CLS]', 'what', 'are', 'the', 'lowest', 'one', 'way', 'fares', 'from', 'atlanta', 'to', 'denver', '[SEP]']","['O', 'O', 'O', 'O', 'O', 'O', 'O', 'O', 'O', 'O', 'O', 'O', 'O']"
"['[CLS]', 'how', 'much', 'is', 'a', 'first', 'class', 'round', 'trip', 'from', 'atlanta', 'to', 'san', 'francisco', '[SEP]']","['O', 'O', 'O', 'O', 'O', 'O', 'O', 'O', 'O', 'O', 'O', 'O', 'O', 'O', 'O']"
"['[CLS]', 'what', 'do', 'these', 'cost', '[SEP]']","['O', 'O', 'O', 'O', 'O', 'O']"
"['[CLS]', 'what', 'is', 'the', 'cheap', '##est', 'round', 'trip', 'fare', 'on', 'continental', '129', '##1', 'round', 'trip', 'denver', 'san', 'francisco', '[SEP]']","['O', 'O', 'O', 'O', 'O', 'O', 'O', 'O', 'O', 'O', 'O', 'O', 'O', 'O', 'O', 'O', 'O', 'O', 'O']"
"['[CLS]', 'what', ""'"", 's', 'the', 'fare', 'from', 'washington', 'to', 'boston', '[SEP]']","['O', 'O', 'O', 'O', 'O', 'O', 'O', 'O', 'O', 'O', 'O']"
"['[CLS]', 'i', 'am', 'looking', 'for', 'the', 'cheap', '##est', 'fare', 'from', 'indianapolis', 'to', 'orlando', 'on', 'december', 'twenty', 'seventh', '[SEP]']","['O', 'O', 'O', 'O', 'O', 'O', 'O', 'O', 'O', 'O', 'O', 'O', 'O', 'O', 'O', 'O', 'O', 'O']"
"['[CLS]', 'how', 'much', 'does', 'a', 'first', 'class', 'ticket', 'cost', 'from', 'boston', 'to', 'san', 'francisco', 'round', 'trip', '[SEP]']","['O', 'O', 'O', 'O', 'O', 'O', 'O', 'O', 'O', 'O', 'O', 'O', 'O', 'O', 'O', 'O', 'O']"
"['[CLS]', 'what', 'is', 'the', 'cost', 'of', 'flights', 'from', 'denver', 'to', 'san', 'francisco', '[SEP]']","['O', 'O', 'O', 'O', 'O', 'O', 'O', 'O', 'O', 'O', 'O', 'O', 'O']"
"['[CLS]', 'show', 'me', 'the', 'price', 'of', 'flight', 'ea', '212', 'from', 'atlanta', 'to', 'washington', '[SEP]']","['O', 'O', 'O', 'O', 'O', 'O', 'O', 'O', 'O', 'O', 'O', 'O', 'O', 'O']"
"['[CLS]', 'i', 'would', 'like', 'the', 'fare', 'on', 'the', 'us', 'air', '103', '##9', 'from', 'denver', 'to', 'pittsburgh', 'on', 'april', 'twenty', '[SEP]']","['O', 'O', 'O', 'O', 'O', 'O', 'O', 'O', 'O', 'O', 'O', 'O', 'O', 'O', 'O', 'O', 'O', 'O', 'O', 'O']"
"['[CLS]', 'show', 'me', 'all', 'first', 'class', 'prices', 'from', 'dallas', 'to', 'baltimore', '[SEP]']","['O', 'O', 'O', 'O', 'O', 'O', 'O', 'O', 'O', 'O', 'O', 'O']"
"['[CLS]', 'what', 'is', 'the', 'price', 'of', 'business', 'class', 'from', 'boston', 'to', 'san', 'francisco', 'on', 't', '##wa', '[SEP]']","['O', 'O', 'O', 'O', 'O', 'O', 'O', 'O', 'O', 'O', 'O', 'O', 'O', 'O', 'O', 'O', 'O']"
"['[CLS]', 'i', 'would', 'like', 'to', 'find', 'the', 'cheap', '##est', 'one', 'way', 'fare', 'from', 'boston', 'to', 'oakland', '[SEP]']","['O', 'O', 'O', 'O', 'O', 'O', 'O', 'O', 'O', 'O', 'O', 'O', 'O', 'O', 'O', 'O', 'O']"
"['[CLS]', 'cheap', '##est', 'air', '##fare', 'from', 'orlando', 'to', 'tacoma', '[SEP]']","['O', 'O', 'O', 'O', 'O', 'O', 'O', 'O', 'O', 'O']"
"['[CLS]', 'what', 'is', 'the', 'cheap', '##est', 'fare', 'from', 'washington', 'to', 'san', 'francisco', '[SEP]']","['O', 'O', 'O', 'O', 'O', 'O', 'O', 'O', 'O', 'O', 'O', 'O', 'O']"
"['[CLS]', 'show', 'me', 'the', 'cheap', '##est', 'fare', 'from', 'dallas', 'to', 'baltimore', '[SEP]']","['O', 'O', 'O', 'O', 'O', 'O', 'O', 'O', 'O', 'O', 'O', 'O']"
"['[CLS]', 'show', 'me', 'any', 'show', 'me', 'what', 'the', 'first', 'class', 'fares', 'are', 'of', 'the', 'flights', 'from', 'pittsburgh', 'to', 'san', 'francisco', 'on', 'monday', '[SEP]']","['O', 'O', 'O', 'O', 'O', 'O', 'O', 'O', 'O', 'O', 'O', 'O', 'O', 'O', 'O', 'O', 'O', 'O', 'O', 'O', 'O', 'O', 'O']"
"['[CLS]', 'i', ""'"", 'd', 'like', 'to', 'find', 'the', 'cheap', '##est', 'one', 'way', 'fare', 'from', 'baltimore', 'to', 'denver', '[SEP]']","['O', 'O', 'O', 'O', 'O', 'O', 'O', 'O', 'O', 'O', 'O', 'O', 'O', 'O', 'O', 'O', 'O', 'O']"
"['[CLS]', 'what', 'is', 'the', 'round', 'trip', 'fare', 'on', 'continental', '129', '##1', 'from', 'dallas', 'to', 'san', 'francisco', 'and', 'return', '[SEP]']","['O', 'O', 'O', 'O', 'O', 'O', 'O', 'O', 'O', 'O', 'O', 'O', 'O', 'O', 'O', 'O', 'O', 'O', 'O']"
"['[CLS]', 'dl', '296', 'denver', 'to', 'philadelphia', 'what', 'is', 'the', 'fare', '[SEP]']","['O', 'O', 'O', 'O', 'O', 'O', 'O', 'O', 'O', 'O', 'O']"
"['[CLS]', 'do', 'you', 'have', 'the', 'fare', 'for', 'traveling', 'from', 'oakland', 'airport', 'to', 'oakland', 'downtown', '[SEP]']","['O', 'O', 'O', 'O', 'O', 'O', 'O', 'O', 'O', 'O', 'O', 'O', 'O', 'O', 'O']"
"['[CLS]', 'what', 'is', 'the', 'cheap', '##est', 'fare', 'between', 'denver', 'and', 'boston', '[SEP]']","['O', 'O', 'O', 'O', 'O', 'O', 'O', 'O', 'O', 'O', 'O', 'O']"
"['[CLS]', 'round', 'trip', 'fare', 'from', 'baltimore', 'to', 'philadelphia', 'less', 'than', '1000', 'dollars', '[SEP]']","['O', 'O', 'O', 'O', 'O', 'O', 'O', 'O', 'O', 'O', 'O', 'O', 'O']"
"['[CLS]', 'what', 'is', 'delta', ""'"", 's', 'schedule', 'of', 'morning', 'flights', 'to', 'atlanta', '[SEP]']","['O', 'O', 'O', 'O', 'O', 'O', 'O', 'O', 'O', 'O', 'O', 'O', 'O']"
"['[CLS]', 'what', 'are', 'the', 'fares', 'for', 'flights', 'from', 'charlotte', 'to', 'newark', 'on', 'tuesday', 'and', 'wednesday', '[SEP]']","['O', 'O', 'O', 'O', 'O', 'O', 'O', 'O', 'O', 'O', 'O', 'O', 'O', 'O', 'O', 'O']"
"['[CLS]', 'what', 'is', 'american', ""'"", 's', 'schedule', 'of', 'morning', 'flights', 'to', 'atlanta', '[SEP]']","['O', 'O', 'O', 'O', 'O', 'O', 'O', 'O', 'O', 'O', 'O', 'O', 'O']"
"['[CLS]', 'what', 'is', 'the', 'lowest', 'fare', 'from', 'denver', 'to', 'pittsburgh', '[SEP]']","['O', 'O', 'O', 'O', 'O', 'O', 'O', 'O', 'O', 'O', 'O']"
"['[CLS]', 'can', 'you', 'show', 'me', 'fares', 'for', 'december', 'sixteenth', 'from', 'oakland', 'to', 'dallas', 'one', 'way', 'only', '[SEP]']","['O', 'O', 'O', 'O', 'O', 'O', 'O', 'O', 'O', 'O', 'O', 'O', 'O', 'O', 'O', 'O', 'O']"
"['[CLS]', 'i', 'would', 'like', 'to', 'see', 'the', 'economy', 'fares', 'for', 'denver', 'to', 'philadelphia', '[SEP]']","['O', 'O', 'O', 'O', 'O', 'O', 'O', 'O', 'O', 'O', 'O', 'O', 'O', 'O']"
"['[CLS]', 'show', 'me', 'the', 'cheap', '##est', 'round', 'trip', 'fare', 'from', 'san', 'francisco', 'to', 'houston', 'on', 'february', 'twenty', 'eighth', '1994', '[SEP]']","['O', 'O', 'O', 'O', 'O', 'O', 'O', 'O', 'O', 'O', 'O', 'O', 'O', 'O', 'O', 'O', 'O', 'O', 'O', 'O']"
"['[CLS]', 'show', 'me', 'all', 'prices', 'of', 'economy', 'from', 'baltimore', 'to', 'dallas', '[SEP]']","['O', 'O', 'O', 'O', 'O', 'O', 'O', 'O', 'O', 'O', 'O', 'O']"
"['[CLS]', 'show', 'me', 'fares', 'from', 'houston', 'to', 'las', 'vegas', '[SEP]']","['O', 'O', 'O', 'O', 'O', 'O', 'O', 'O', 'O', 'O']"
"['[CLS]', 'i', 'would', 'like', 'a', 'schedule', 'of', 'flights', 'from', 'san', 'francisco', 'to', 'boston', 'on', 'wednesday', '[SEP]']","['O', 'O', 'O', 'O', 'O', 'O', 'O', 'O', 'O', 'O', 'O', 'O', 'O', 'O', 'O', 'O']"
"['[CLS]', 'what', ""'"", 's', 'the', 'cheap', '##est', 'round', 'trip', 'fare', 'between', 'dallas', 'and', 'baltimore', '[SEP]']","['O', 'O', 'O', 'O', 'O', 'O', 'O', 'O', 'O', 'O', 'O', 'O', 'O', 'O', 'O']"
"['[CLS]', 'show', 'me', 'the', 'fare', 'for', 'delta', 'flight', '296', 'from', 'atlanta', 'to', 'philadelphia', '[SEP]']","['O', 'O', 'O', 'O', 'O', 'O', 'O', 'O', 'O', 'O', 'O', 'O', 'O', 'O']"
"['[CLS]', 'show', 'me', 'the', 'prices', 'of', 'first', 'class', 'tickets', 'on', 'us', 'air', 'round', 'trip', 'from', 'cleveland', 'to', 'miami', '[SEP]']","['O', 'O', 'O', 'O', 'O', 'O', 'O', 'O', 'O', 'O', 'O', 'O', 'O', 'O', 'O', 'O', 'O', 'O', 'O']"
"['[CLS]', 'i', 'need', 'one', 'first', 'class', 'ticket', 'from', 'dallas', 'fort', 'worth', 'to', 'san', 'francisco', '[SEP]']","['O', 'O', 'O', 'O', 'O', 'O', 'O', 'O', 'O', 'O', 'O', 'O', 'O', 'O', 'O']"
"['[CLS]', 'please', 'give', 'me', 'the', 'prices', 'for', 'all', 'flights', 'from', 'philadelphia', 'to', 'denver', 'airport', 'next', 'sunday', '[SEP]']","['O', 'O', 'O', 'O', 'O', 'O', 'O', 'O', 'O', 'O', 'O', 'O', 'O', 'O', 'O', 'O', 'O']"
"['[CLS]', 'show', 'me', 'the', 'most', 'expensive', 'fare', '[SEP]']","['O', 'O', 'O', 'O', 'O', 'O', 'O', 'O']"
"['[CLS]', 'lowest', 'fare', 'from', 'san', 'francisco', 'to', 'los', 'angeles', '[SEP]']","['O', 'O', 'O', 'O', 'O', 'O', 'O', 'O', 'O', 'O']"
"['[CLS]', 'i', 'need', 'a', 'ticket', 'from', 'nashville', 'to', 'seattle', '[SEP]']","['O', 'O', 'O', 'O', 'O', 'O', 'O', 'O', 'O', 'O']"
"['[CLS]', 'show', 'me', 'fares', 'less', 'than', '400', 'dollars', 'for', 'flights', 'from', 'dallas', 'to', 'baltimore', '[SEP]']","['O', 'O', 'O', 'O', 'O', 'O', 'O', 'O', 'O', 'O', 'O', 'O', 'O', 'O', 'O']"
"['[CLS]', 'what', 'is', 'the', 'fare', 'on', 'november', 'seventh', 'going', 'one', 'way', 'from', 'san', 'francisco', 'to', 'oakland', '[SEP]']","['O', 'O', 'O', 'O', 'O', 'O', 'O', 'O', 'O', 'O', 'O', 'O', 'O', 'O', 'O', 'O', 'O']"
"['[CLS]', 'round', 'trip', 'fares', 'from', 'denver', 'to', 'philadelphia', 'less', 'than', '1000', 'dollars', '[SEP]']","['O', 'O', 'O', 'O', 'O', 'O', 'O', 'O', 'O', 'O', 'O', 'O', 'O']"
"['[CLS]', 'what', 'is', 'the', 'fare', 'on', 'american', 'airlines', 'flight', '92', '##8', 'from', 'dallas', 'fort', 'worth', 'to', 'boston', '[SEP]']","['O', 'O', 'O', 'O', 'O', 'O', 'O', 'O', 'O', 'O', 'O', 'O', 'O', 'O', 'O', 'O', 'O', 'O']"
"['[CLS]', 'find', 'the', 'cheap', '##est', 'one', 'way', 'fare', 'from', 'pittsburgh', 'to', 'san', 'francisco', '[SEP]']","['O', 'O', 'O', 'O', 'O', 'O', 'O', 'O', 'O', 'O', 'O', 'O', 'O', 'O']"
"['[CLS]', 'i', ""'"", 'd', 'like', 'to', 'buy', 'a', 'coach', 'class', 'ticket', 'from', 'denver', 'to', 'atlanta', 'with', 'a', 'stop', '##over', 'in', 'pittsburgh', '[SEP]']","['O', 'O', 'O', 'O', 'O', 'O', 'O', 'O', 'O', 'O', 'O', 'O', 'O', 'O', 'O', 'O', 'O', 'O', 'O', 'O', 'O', 'O']"
"['[CLS]', 'show', 'me', 'all', 'the', 'prices', 'of', 'flights', 'from', 'baltimore', 'to', 'dallas', '[SEP]']","['O', 'O', 'O', 'O', 'O', 'O', 'O', 'O', 'O', 'O', 'O', 'O', 'O']"
"['[CLS]', 'what', 'is', 'the', 'fare', 'on', 'the', 'th', '##rift', 'economy', 'flight', 'from', 'boston', 'to', 'san', 'francisco', '[SEP]']","['O', 'O', 'O', 'O', 'O', 'O', 'O', 'O', 'O', 'O', 'O', 'O', 'O', 'O', 'O', 'O', 'O']"
"['[CLS]', 'list', 'air', '##fare', '##s', 'for', 'first', 'class', 'round', 'trip', 'from', 'detroit', 'to', 'st', '.', 'petersburg', '[SEP]']","['O', 'O', 'O', 'O', 'O', 'O', 'O', 'O', 'O', 'O', 'O', 'O', 'O', 'O', 'O', 'O', 'O']"
"['[CLS]', 'us', '77', '##1', 'pittsburgh', 'to', 'philadelphia', 'what', 'is', 'the', 'fare', '[SEP]']","['O', 'O', 'O', 'O', 'O', 'O', 'O', 'O', 'O', 'O', 'O', 'O']"
"['[CLS]', 'all', 'right', 'what', 'i', ""'"", 'd', 'like', 'to', 'do', 'is', 'find', 'the', 'cheap', '##est', 'one', 'way', 'fare', 'from', 'boston', 'to', 'denver', '[SEP]']","['O', 'O', 'O', 'O', 'O', 'O', 'O', 'O', 'O', 'O', 'O', 'O', 'O', 'O', 'O', 'O', 'O', 'O', 'O', 'O', 'O', 'O', 'O']"
"['[CLS]', 'what', 'are', 'the', 'coach', 'fares', 'for', 'flights', 'from', 'newark', 'to', 'la', 'leaving', 'after', '3', 'pm', '[SEP]']","['O', 'O', 'O', 'O', 'O', 'O', 'O', 'O', 'O', 'O', 'O', 'O', 'O', 'O', 'O', 'O', 'O']"
"['[CLS]', 'what', 'is', 'the', 'price', 'of', 'a', 'one', 'way', 'fare', 'from', 'atlanta', 'to', 'boston', '[SEP]']","['O', 'O', 'O', 'O', 'O', 'O', 'O', 'O', 'O', 'O', 'O', 'O', 'O', 'O', 'O']"
"['[CLS]', 'i', ""'"", 'd', 'like', 'to', 'see', 'all', 'the', 'economy', 'fares', 'from', 'baltimore', 'to', 'philadelphia', '[SEP]']","['O', 'O', 'O', 'O', 'O', 'O', 'O', 'O', 'O', 'O', 'O', 'O', 'O', 'O', 'O', 'O']"
"['[CLS]', 'fares', 'and', 'flights', 'from', 'denver', 'to', 'philadelphia', '[SEP]']","['O', 'O', 'O', 'O', 'O', 'O', 'O', 'O', 'O']"
"['[CLS]', 'how', 'much', 'does', 'it', 'cost', 'to', 'fly', 'on', 'american', 'from', 'dallas', 'to', 'baltimore', '[SEP]']","['O', 'O', 'O', 'O', 'O', 'O', 'O', 'O', 'O', 'O', 'O', 'O', 'O', 'O', 'O']"
"['[CLS]', 'round', 'trip', 'fares', 'from', 'baltimore', 'to', 'philadelphia', 'less', 'than', '1000', 'dollars', 'round', 'trip', 'fares', 'from', 'denver', 'to', 'philadelphia', 'less', 'than', '1000', 'dollars', 'round', 'trip', 'fares', 'from', 'pittsburgh', 'to', 'philadelphia', 'less', 'than', '1000', 'dollars', '[SEP]']","['O', 'O', 'O', 'O', 'O', 'O', 'O', 'O', 'O', 'O', 'O', 'O', 'O', 'O', 'O', 'O', 'O', 'O', 'O', 'O', 'O', 'O', 'O', 'O', 'O', 'O', 'O', 'O', 'O', 'O', 'O', 'O', 'O', 'O', 'O']"
"['[CLS]', 'okay', 'i', ""'"", 've', 'got', 'somebody', 'else', 'who', 'wants', 'to', 'take', 'a', 'round', 'trip', 'ticket', 'from', 'charlotte', 'to', 'montreal', '[SEP]']","['O', 'O', 'O', 'O', 'O', 'O', 'O', 'O', 'O', 'O', 'O', 'O', 'O', 'O', 'O', 'O', 'O', 'O', 'O', 'O', 'O']"
"['[CLS]', 'i', 'need', 'the', 'cost', 'of', 'a', 'ticket', 'going', 'from', 'denver', 'to', 'baltimore', 'a', 'first', 'class', 'ticket', 'on', 'united', 'airlines', '[SEP]']","['O', 'O', 'O', 'O', 'O', 'O', 'O', 'O', 'O', 'O', 'O', 'O', 'O', 'O', 'O', 'O', 'O', 'O', 'O', 'O', 'O']"
"['[CLS]', 'and', 'how', 'much', 'does', 'it', 'cost', 'to', 'travel', 'from', 'boston', 'airport', 'to', 'downtown', '[SEP]']","['O', 'O', 'O', 'O', 'O', 'O', 'O', 'O', 'O', 'O', 'O', 'O', 'O', 'O', 'O']"
"['[CLS]', 'what', 'is', 'the', 'cheap', '##est', 'fare', 'between', 'boston', 'and', 'san', 'francisco', '[SEP]']","['O', 'O', 'O', 'O', 'O', 'O', 'O', 'O', 'O', 'O', 'O', 'O', 'O']"
"['[CLS]', 'what', ""'"", 's', 'the', 'lowest', 'round', 'trip', 'fare', 'from', 'dallas', 'to', 'any', 'city', '[SEP]']","['O', 'O', 'O', 'O', 'O', 'O', 'O', 'O', 'O', 'O', 'O', 'O', 'O', 'O', 'O']"
"['[CLS]', 'what', 'is', 'the', 'fare', 'going', 'from', 'baltimore', 'to', 'boston', 'one', 'way', 'on', 'november', 'seventh', '[SEP]']","['O', 'O', 'O', 'O', 'O', 'O', 'O', 'O', 'O', 'O', 'O', 'O', 'O', 'O', 'O', 'O']"
"['[CLS]', 'what', 'is', 'lowest', 'cost', 'air', 'fare', 'available', 'for', 'a', 'flight', 'from', 'dallas', 'to', 'baltimore', 'arriving', 'on', 'july', 'fourth', '[SEP]']","['O', 'O', 'O', 'O', 'O', 'O', 'O', 'O', 'O', 'O', 'O', 'O', 'O', 'O', 'O', 'O', 'O', 'O', 'O', 'O']"
"['[CLS]', 'show', 'me', 'all', 'prices', 'of', 'first', 'class', 'from', 'baltimore', 'to', 'dallas', '[SEP]']","['O', 'O', 'O', 'O', 'O', 'O', 'O', 'O', 'O', 'O', 'O', 'O', 'O']"
"['[CLS]', 'show', 'me', 'all', 'fares', 'between', 'philadelphia', 'and', 'san', 'francisco', 'that', 'are', 'less', 'than', '200', 'dollars', 'one', 'way', '[SEP]']","['O', 'O', 'O', 'O', 'O', 'O', 'O', 'O', 'O', 'O', 'O', 'O', 'O', 'O', 'O', 'O', 'O', 'O', 'O']"
"['[CLS]', 'is', 'there', 'a', 'fare', 'from', 'pittsburgh', 'to', 'cleveland', 'under', '200', 'dollars', '[SEP]']","['O', 'O', 'O', 'O', 'O', 'O', 'O', 'O', 'O', 'O', 'O', 'O', 'O']"
"['[CLS]', 'what', 'is', 'the', 'schedule', 'of', 'flights', 'from', 'boston', 'to', 'denver', 'next', 'monday', '[SEP]']","['O', 'O', 'O', 'O', 'O', 'O', 'O', 'O', 'O', 'O', 'O', 'O', 'O', 'O']"
"['[CLS]', 'what', 'is', 'the', 'cheap', '##est', 'one', 'way', 'fare', 'from', 'boston', 'to', 'baltimore', '[SEP]']","['O', 'O', 'O', 'O', 'O', 'O', 'O', 'O', 'O', 'O', 'O', 'O', 'O', 'O']"
"['[CLS]', 'what', ""'"", 's', 'the', 'cheap', '##est', 'fare', 'from', 'san', 'francisco', 'to', 'baltimore', '[SEP]']","['O', 'O', 'O', 'O', 'O', 'O', 'O', 'O', 'O', 'O', 'O', 'O', 'O', 'O']"
"['[CLS]', 'i', ""'"", 'd', 'like', 'to', 'have', 'some', 'information', 'on', 'a', 'ticket', 'from', 'denver', 'to', 'atlanta', 'with', 'a', 'stop', 'in', 'pittsburgh', '[SEP]']","['O', 'O', 'O', 'O', 'O', 'O', 'O', 'O', 'O', 'O', 'O', 'O', 'O', 'O', 'O', 'O', 'O', 'O', 'O', 'O', 'O', 'O']"
"['[CLS]', 'display', 'all', 'fare', 'codes', '[SEP]']","['O', 'O', 'O', 'O', 'O', 'O']"
"['[CLS]', 'show', 'me', 'one', 'more', 'time', 'the', 'first', 'class', 'fares', 'from', 'baltimore', 'to', 'dallas', '[SEP]']","['O', 'O', 'O', 'O', 'O', 'O', 'O', 'O', 'O', 'O', 'O', 'O', 'O', 'O', 'O']"
"['[CLS]', 'what', 'are', 'the', 'different', 'classes', 'of', 'service', 'and', 'the', 'prices', 'for', 'us', 'air', '[SEP]']","['O', 'O', 'O', 'O', 'O', 'O', 'O', 'O', 'O', 'O', 'O', 'O', 'O', 'O', 'O']"
"['[CLS]', 'what', 'is', 'the', 'cheap', '##est', 'fare', 'i', 'can', 'get', 'from', 'dallas', 'to', 'denver', '[SEP]']","['O', 'O', 'O', 'O', 'O', 'O', 'O', 'O', 'O', 'O', 'O', 'O', 'O', 'O', 'O']"
"['[CLS]', 'show', 'me', 'the', 'cheap', '##est', 'round', 'trip', 'fares', 'from', 'houston', 'to', 'boston', '[SEP]']","['O', 'O', 'O', 'O', 'O', 'O', 'O', 'O', 'O', 'O', 'O', 'O', 'O', 'O']"
"['[CLS]', 'show', 'me', 'the', 'coach', 'fares', 'from', 'baltimore', 'to', 'dallas', '[SEP]']","['O', 'O', 'O', 'O', 'O', 'O', 'O', 'O', 'O', 'O', 'O']"
"['[CLS]', 'what', 'is', 'the', 'fare', 'from', 'atlanta', 'to', 'boston', 'on', 'coach', 'one', 'way', '[SEP]']","['O', 'O', 'O', 'O', 'O', 'O', 'O', 'O', 'O', 'O', 'O', 'O', 'O', 'O']"
"['[CLS]', 'what', 'would', 'be', 'cost', 'of', 'a', 'round', 'trip', 'from', 'pittsburgh', 'to', 'san', 'francisco', '[SEP]']","['O', 'O', 'O', 'O', 'O', 'O', 'O', 'O', 'O', 'O', 'O', 'O', 'O', 'O', 'O']"
"['[CLS]', 'what', 'is', 'the', 'cheap', '##est', 'one', 'way', 'fare', 'from', 'pittsburgh', 'to', 'atlanta', 'traveling', 'on', 'tuesday', 'august', 'twentieth', '[SEP]']","['O', 'O', 'O', 'O', 'O', 'O', 'O', 'O', 'O', 'O', 'O', 'O', 'O', 'O', 'O', 'O', 'O', 'O', 'O']"
"['[CLS]', 'what', 'is', 'the', 'fare', 'from', 'philadelphia', 'to', 'pittsburgh', 'business', 'class', 'one', 'way', '[SEP]']","['O', 'O', 'O', 'O', 'O', 'O', 'O', 'O', 'O', 'O', 'O', 'O', 'O', 'O']"
"['[CLS]', 'what', 'is', 'the', 'cost', 'of', 'a', 'flight', 'from', 'boston', 'to', 'denver', '[SEP]']","['O', 'O', 'O', 'O', 'O', 'O', 'O', 'O', 'O', 'O', 'O', 'O', 'O']"
"['[CLS]', 'okay', 'i', 'just', 'want', 'to', 'know', 'the', 'cheap', '##est', 'fare', 'from', 'atlanta', 'to', 'boston', '[SEP]']","['O', 'O', 'O', 'O', 'O', 'O', 'O', 'O', 'O', 'O', 'O', 'O', 'O', 'O', 'O', 'O']"
"['[CLS]', 'what', 'are', 'the', 'coach', 'fares', 'from', 'charlotte', 'to', 'la', 'wednesday', 'night', '[SEP]']","['O', 'O', 'O', 'O', 'O', 'O', 'O', 'O', 'O', 'O', 'O', 'O', 'O']"
"['[CLS]', 'first', 'class', 'round', 'trip', 'air', '##fare', 'from', 'indianapolis', 'to', 'memphis', '[SEP]']","['O', 'O', 'O', 'O', 'O', 'O', 'O', 'O', 'O', 'O', 'O', 'O']"
"['[CLS]', 'how', 'much', 'is', 'a', 'flight', 'from', 'washington', 'to', 'boston', '[SEP]']","['O', 'O', 'O', 'O', 'O', 'O', 'O', 'O', 'O', 'O', 'O']"
"['[CLS]', 'what', 'is', 'the', 'least', 'expensive', 'fare', 'from', 'baltimore', 'to', 'san', 'francisco', 'leaving', 'on', 'september', 'th', '##ir', '##tie', '##th', '[SEP]']","['O', 'O', 'O', 'O', 'O', 'O', 'O', 'O', 'O', 'O', 'O', 'O', 'O', 'O', 'O', 'O', 'O', 'O', 'O', 'O']"
"['[CLS]', 'what', 'is', 'the', 'cheap', '##est', 'coach', 'fare', 'from', 'dallas', 'to', 'denver', 'round', 'trip', '[SEP]']","['O', 'O', 'O', 'O', 'O', 'O', 'O', 'O', 'O', 'O', 'O', 'O', 'O', 'O', 'O']"
"['[CLS]', 'i', ""'"", 'd', 'like', 'the', 'lowest', 'fare', 'from', 'denver', 'to', 'pittsburgh', '[SEP]']","['O', 'O', 'O', 'O', 'O', 'O', 'O', 'O', 'O', 'O', 'O', 'O', 'O']"
"['[CLS]', 'how', 'much', 'is', 'an', 'economy', 'ticket', 'from', 'washington', 'to', 'san', 'francisco', 'on', 'september', 'th', '##ir', '##tie', '##th', '[SEP]']","['O', 'O', 'O', 'O', 'O', 'O', 'O', 'O', 'O', 'O', 'O', 'O', 'O', 'O', 'O', 'O', 'O', 'O', 'O']"
"['[CLS]', 'i', ""'"", 'd', 'like', 'to', 'know', 'the', 'price', 'of', 'first', 'class', 'seats', 'from', 'atlanta', 'to', 'san', 'francisco', '[SEP]']","['O', 'O', 'O', 'O', 'O', 'O', 'O', 'O', 'O', 'O', 'O', 'O', 'O', 'O', 'O', 'O', 'O', 'O', 'O']"
"['[CLS]', 'what', 'is', 'the', 'cost', 'of', 'a', 'ticket', 'going', 'from', 'denver', 'to', 'boston', 'july', 'twenty', 'fifth', '1991', '[SEP]']","['O', 'O', 'O', 'O', 'O', 'O', 'O', 'O', 'O', 'O', 'O', 'O', 'O', 'O', 'O', 'O', 'O', 'O']"
"['[CLS]', 'what', 'is', 'the', 'cost', 'of', 'flight', 'dl', '106', 'from', 'philadelphia', 'to', 'boston', '[SEP]']","['O', 'O', 'O', 'O', 'O', 'O', 'O', 'O', 'O', 'O', 'O', 'O', 'O', 'O']"
"['[CLS]', 'show', 'me', 'round', 'trip', 'fares', 'from', 'pittsburgh', 'to', 'philadelphia', '[SEP]']","['O', 'O', 'O', 'O', 'O', 'O', 'O', 'O', 'O', 'O', 'O']"
"['[CLS]', 'show', 'me', 'the', 'first', 'class', 'fares', 'from', 'baltimore', 'to', 'dallas', '[SEP]']","['O', 'O', 'O', 'O', 'O', 'O', 'O', 'O', 'O', 'O', 'O', 'O']"
"['[CLS]', 'show', 'me', 'round', 'trip', 'fares', 'from', 'new', 'york', 'to', 'miami', '[SEP]']","['O', 'O', 'O', 'O', 'O', 'O', 'O', 'O', 'O', 'O', 'O', 'O']"
"['[CLS]', 'what', 'are', 'the', 'fares', 'for', 'flights', 'between', 'atlanta', 'and', 'd', '##f', '##w', '[SEP]']","['O', 'O', 'O', 'O', 'O', 'O', 'O', 'O', 'O', 'O', 'O', 'O', 'O', 'O']"
"['[CLS]', 'what', 'is', 'your', 'least', 'expensive', 'fare', 'between', 'atlanta', 'and', 'boston', '[SEP]']","['O', 'O', 'O', 'O', 'O', 'O', 'O', 'O', 'O', 'O', 'O', 'O']"
"['[CLS]', 'how', 'much', 'does', 'dl', '74', '##6', 'cost', '[SEP]']","['O', 'O', 'O', 'O', 'O', 'O', 'O', 'O', 'O']"
"['[CLS]', 'what', 'is', 'the', 'fare', 'for', 'a', 'one', 'way', 'flight', 'from', 'boston', 'to', 'atlanta', '[SEP]']","['O', 'O', 'O', 'O', 'O', 'O', 'O', 'O', 'O', 'O', 'O', 'O', 'O', 'O', 'O']"
"['[CLS]', 'what', 'time', 'is', 'the', 'last', 'flight', 'from', 'washington', 'to', 'san', 'francisco', '[SEP]']","['O', 'O', 'O', 'O', 'O', 'O', 'O', 'O', 'O', 'O', 'O', 'O', 'O']"
"['[CLS]', 'okay', 'we', ""'"", 're', 'going', 'from', 'washington', 'to', 'denver', 'first', 'class', 'ticket', 'i', ""'"", 'd', 'like', 'to', 'know', 'the', 'cost', 'of', 'a', 'first', 'class', 'ticket', '[SEP]']","['O', 'O', 'O', 'O', 'O', 'O', 'O', 'O', 'O', 'O', 'O', 'O', 'O', 'O', 'O', 'O', 'O', 'O', 'O', 'O', 'O', 'O', 'O', 'O', 'O', 'O', 'O']"
"['[CLS]', 'what', 'is', 'the', 'least', 'expensive', 'one', 'way', 'fare', 'between', 'philadelphia', 'and', 'boston', '[SEP]']","['O', 'O', 'O', 'O', 'O', 'O', 'O', 'O', 'O', 'O', 'O', 'O', 'O', 'O']"
"['[CLS]', 'what', 'are', 'the', 'coach', 'fares', 'from', 'la', 'to', 'charlotte', 'monday', 'morning', '[SEP]']","['O', 'O', 'O', 'O', 'O', 'O', 'O', 'O', 'O', 'O', 'O', 'O', 'O']"
"['[CLS]', 'what', 'time', 'are', 'the', 'flights', 'leaving', 'from', 'denver', 'to', 'pittsburgh', 'on', 'july', 'seventh', '[SEP]']","['O', 'O', 'O', 'O', 'O', 'O', 'O', 'O', 'O', 'O', 'O', 'O', 'O', 'O', 'O']"
"['[CLS]', 'show', 'me', 'the', 'cost', 'of', 'a', 'first', 'class', 'ticket', 'from', 'detroit', 'to', 'las', 'vegas', 'and', 'back', '[SEP]']","['O', 'O', 'O', 'O', 'O', 'O', 'O', 'O', 'O', 'O', 'O', 'O', 'O', 'O', 'O', 'O', 'O', 'O']"
"['[CLS]', 'i', ""'"", 'd', 'like', 'to', 'have', 'some', 'information', 'on', 'a', 'ticket', 'from', 'denver', 'to', 'pittsburgh', 'and', 'atlanta', '[SEP]']","['O', 'O', 'O', 'O', 'O', 'O', 'O', 'O', 'O', 'O', 'O', 'O', 'O', 'O', 'O', 'O', 'O', 'O', 'O']"
"['[CLS]', 'price', 'of', 'flight', 'from', 'cleveland', 'to', 'nashville', '[SEP]']","['O', 'O', 'O', 'O', 'O', 'O', 'O', 'O', 'O']"
"['[CLS]', 'what', 'is', 'the', 'cheap', '##est', 'fare', 'from', 'dallas', 'to', 'denver', 'round', 'trip', '[SEP]']","['O', 'O', 'O', 'O', 'O', 'O', 'O', 'O', 'O', 'O', 'O', 'O', 'O', 'O']"
"['[CLS]', 'what', 'is', 'the', 'first', 'class', 'fare', 'for', 'a', 'round', 'trip', 'dallas', 'to', 'denver', '[SEP]']","['O', 'O', 'O', 'O', 'O', 'O', 'O', 'O', 'O', 'O', 'O', 'O', 'O', 'O', 'O']"
"['[CLS]', 'i', ""'"", 'd', 'like', 'a', 'ticket', 'on', 'a', 'plane', 'from', 'denver', 'to', 'atlanta', 'i', 'would', 'like', 'a', 'coach', 'class', 'or', 'lowest', 'fare', 'ticket', '[SEP]']","['O', 'O', 'O', 'O', 'O', 'O', 'O', 'O', 'O', 'O', 'O', 'O', 'O', 'O', 'O', 'O', 'O', 'O', 'O', 'O', 'O', 'O', 'O', 'O', 'O']"
"['[CLS]', 'please', 'give', 'me', 'round', 'trip', 'fares', 'from', 'baltimore', 'to', 'philadelphia', '[SEP]']","['O', 'O', 'O', 'O', 'O', 'O', 'O', 'O', 'O', 'O', 'O', 'O']"
"['[CLS]', 'show', 'me', 'the', 'most', 'expensive', 'one', 'way', 'first', 'class', 'fare', 'from', 'baltimore', 'to', 'dallas', '[SEP]']","['O', 'O', 'O', 'O', 'O', 'O', 'O', 'O', 'O', 'O', 'O', 'O', 'O', 'O', 'O', 'O']"
"['[CLS]', 'what', 'are', 'the', 'departure', 'times', 'from', 'detroit', 'to', 'westchester', 'county', '[SEP]']","['O', 'O', 'O', 'O', 'O', 'O', 'O', 'O', 'O', 'O', 'O', 'O']"
"['[CLS]', 'what', 'is', 'the', 'lowest', 'fare', 'united', 'charges', 'between', 'boston', 'and', 'san', 'francisco', '[SEP]']","['O', 'O', 'O', 'O', 'O', 'O', 'O', 'O', 'O', 'O', 'O', 'O', 'O', 'O']"
"['[CLS]', 'cheap', '##est', 'fare', 'from', 'indianapolis', 'to', 'seattle', '[SEP]']","['O', 'O', 'O', 'O', 'O', 'O', 'O', 'O', 'O']"
"['[CLS]', 'round', 'trip', 'fares', 'from', 'denver', 'to', 'philadelphia', 'under', '1000', 'dollars', 'and', 'pittsburgh', 'to', 'philadelphia', 'under', '1000', 'dollars', '[SEP]']","['O', 'O', 'O', 'O', 'O', 'O', 'O', 'O', 'O', 'O', 'O', 'O', 'O', 'O', 'O', 'O', 'O', 'O', 'O']"
"['[CLS]', 'show', 'me', 'the', 'cheap', '##est', 'fares', 'from', 'miami', 'to', 'new', 'york', 'leaving', 'on', 'a', 'sunday', '[SEP]']","['O', 'O', 'O', 'O', 'O', 'O', 'O', 'O', 'O', 'O', 'O', 'O', 'O', 'O', 'O', 'O', 'O']"
"['[CLS]', 'please', 'show', 'me', 'air', '##fare', 'of', 'flight', 'us', '345', 'from', 'boston', 'to', 'pittsburgh', '[SEP]']","['O', 'O', 'O', 'O', 'O', 'O', 'O', 'O', 'O', 'O', 'O', 'O', 'O', 'O', 'O']"
"['[CLS]', 'i', 'want', 'a', 'one', 'way', 'ticket', 'from', 'dallas', 'to', 'baltimore', '[SEP]']","['O', 'O', 'O', 'O', 'O', 'O', 'O', 'O', 'O', 'O', 'O', 'O']"
"['[CLS]', 'show', 'me', 'fares', 'from', 'baltimore', 'to', 'philadelphia', '[SEP]']","['O', 'O', 'O', 'O', 'O', 'O', 'O', 'O', 'O']"
"['[CLS]', 'i', 'need', 'fare', 'information', 'from', 'denver', 'to', 'pittsburgh', '[SEP]']","['O', 'O', 'O', 'O', 'O', 'O', 'O', 'O', 'O', 'O']"
"['[CLS]', 'give', 'me', 'the', 'round', 'trip', 'coach', 'fare', 'from', 'baltimore', 'to', 'dallas', '[SEP]']","['O', 'O', 'O', 'O', 'O', 'O', 'O', 'O', 'O', 'O', 'O', 'O', 'O']"
"['[CLS]', 'cheap', '##est', 'fare', 'from', 'memphis', 'to', 'seattle', '[SEP]']","['O', 'O', 'O', 'O', 'O', 'O', 'O', 'O', 'O']"
"['[CLS]', 'please', 'show', 'me', 'again', 'the', 'first', 'class', 'fares', 'from', 'baltimore', 'to', 'dallas', '[SEP]']","['O', 'O', 'O', 'O', 'O', 'O', 'O', 'O', 'O', 'O', 'O', 'O', 'O', 'O']"
"['[CLS]', 'what', 'round', 'trip', 'tickets', 'are', 'there', 'from', 'cleveland', 'to', 'miami', 'on', 'us', 'air', 'that', 'arrive', 'before', '4', 'pm', '[SEP]']","['O', 'O', 'O', 'O', 'O', 'O', 'O', 'O', 'O', 'O', 'O', 'O', 'O', 'O', 'O', 'O', 'O', 'O', 'O', 'O']"
"['[CLS]', 'find', 'the', 'cheap', '##est', 'one', 'way', 'fare', 'from', 'boston', 'to', 'san', 'francisco', '[SEP]']","['O', 'O', 'O', 'O', 'O', 'O', 'O', 'O', 'O', 'O', 'O', 'O', 'O', 'O']"
"['[CLS]', 'please', 'list', 'the', 'cost', 'of', 'all', 'flights', 'from', 'philadelphia', 'to', 'denver', 'airport', 'next', 'sunday', '[SEP]']","['O', 'O', 'O', 'O', 'O', 'O', 'O', 'O', 'O', 'O', 'O', 'O', 'O', 'O', 'O', 'O']"
"['[CLS]', 'how', 'much', 'will', 'it', 'cost', 'taking', 'coach', 'from', 'orlando', 'to', 'indianapolis', 'on', 'december', 'twenty', 'ninth', 'flying', 'us', 'air', '311', '[SEP]']","['O', 'O', 'O', 'O', 'O', 'O', 'O', 'O', 'O', 'O', 'O', 'O', 'O', 'O', 'O', 'O', 'O', 'O', 'O', 'O', 'O']"
"['[CLS]', 'what', 'times', 'does', 'the', 'late', 'afternoon', 'flight', 'leave', 'from', 'washington', 'for', 'denver', '[SEP]']","['O', 'O', 'O', 'O', 'O', 'O', 'O', 'O', 'O', 'O', 'O', 'O', 'O', 'O']"
"['[CLS]', 'can', 'you', 'show', 'me', 'what', 'fares', 'are', 'available', 'from', 'oakland', 'to', 'dallas', 'on', 'december', 'sixteenth', 'one', 'way', 'only', '[SEP]']","['O', 'O', 'O', 'O', 'O', 'O', 'O', 'O', 'O', 'O', 'O', 'O', 'O', 'O', 'O', 'O', 'O', 'O', 'O', 'O']"
"['[CLS]', 'please', 'list', 'the', 'flight', 'times', 'from', 'newark', 'to', 'boston', '[SEP]']","['O', 'O', 'O', 'O', 'O', 'O', 'O', 'O', 'O', 'O', 'O']"
"['[CLS]', 'i', 'would', 'like', 'the', 'time', 'of', 'your', 'earliest', 'flight', 'in', 'the', 'morning', 'from', 'philadelphia', 'to', 'washington', 'on', 'american', 'airlines', '[SEP]']","['O', 'O', 'O', 'O', 'O', 'O', 'O', 'O', 'O', 'O', 'O', 'O', 'O', 'O', 'O', 'O', 'O', 'O', 'O', 'O', 'O']"
"['[CLS]', 'what', 'is', 'the', 'cheap', '##est', 'fare', 'from', 'washington', 'to', 'san', 'francisco', 'leaving', 'on', 'september', 'th', '##ir', '##tie', '##th', '[SEP]']","['O', 'O', 'O', 'O', 'O', 'O', 'O', 'O', 'O', 'O', 'O', 'O', 'O', 'O', 'O', 'O', 'O', 'O', 'O', 'O']"
"['[CLS]', 'us', '37', '##24', 'baltimore', 'to', 'philadelphia', 'what', 'is', 'the', 'fare', '[SEP]']","['O', 'O', 'O', 'O', 'O', 'O', 'O', 'O', 'O', 'O', 'O', 'O']"
"['[CLS]', 'find', 'the', 'cheap', '##est', 'one', 'way', 'fare', 'from', 'boston', 'to', 'san', 'francisco', '[SEP]']","['O', 'O', 'O', 'O', 'O', 'O', 'O', 'O', 'O', 'O', 'O', 'O', 'O', 'O']"
"['[CLS]', 'show', 'prices', 'for', 'all', 'flights', 'from', 'baltimore', 'to', 'dallas', 'on', 'july', 'twenty', 'ninth', '[SEP]']","['O', 'O', 'O', 'O', 'O', 'O', 'O', 'O', 'O', 'O', 'O', 'O', 'O', 'O', 'O']"
"['[CLS]', 'show', 'me', 'fares', 'leaving', 'on', 'tuesday', '##s', 'from', 'denver', 'to', 'dallas', '[SEP]']","['O', 'O', 'O', 'O', 'O', 'O', 'O', 'O', 'O', 'O', 'O', 'O', 'O']"
"['[CLS]', 'get', 'saturday', 'fares', 'from', 'washington', 'to', 'toronto', '[SEP]']","['O', 'O', 'O', 'O', 'O', 'O', 'O', 'O', 'O']"
"['[CLS]', 'what', 'is', 'the', 'cost', 'of', 'a', 'round', 'trip', 'flight', 'from', 'pittsburgh', 'to', 'atlanta', 'beginning', 'on', 'april', 'twenty', 'fifth', 'and', 'returning', 'on', 'may', 'sixth', '[SEP]']","['O', 'O', 'O', 'O', 'O', 'O', 'O', 'O', 'O', 'O', 'O', 'O', 'O', 'O', 'O', 'O', 'O', 'O', 'O', 'O', 'O', 'O', 'O', 'O', 'O']"
"['[CLS]', 'what', 'is', 'the', 'schedule', 'of', 'ground', 'transportation', 'from', 'washington', 'airport', 'into', 'downtown', '[SEP]']","['O', 'O', 'O', 'O', 'O', 'O', 'O', 'O', 'O', 'O', 'O', 'O', 'O', 'O']"
"['[CLS]', 'get', 'saturday', 'fares', 'from', 'washington', 'to', 'montreal', '[SEP]']","['O', 'O', 'O', 'O', 'O', 'O', 'O', 'O', 'O']"
"['[CLS]', 'what', 'is', 'the', 'price', 'of', 'american', 'airlines', 'flight', '19', 'from', 'new', 'york', 'to', 'los', 'angeles', '[SEP]']","['O', 'O', 'O', 'O', 'O', 'O', 'O', 'O', 'O', 'O', 'O', 'O', 'O', 'O', 'O', 'O', 'O']"
"['[CLS]', 'show', 'me', 'round', 'trip', 'first', 'class', 'tickets', 'from', 'new', 'york', 'to', 'miami', '[SEP]']","['O', 'O', 'O', 'O', 'O', 'O', 'O', 'O', 'O', 'O', 'O', 'O', 'O', 'O']"
"['[CLS]', 'round', 'trip', 'fares', 'new', 'york', 'to', 'san', 'jose', '[SEP]']","['O', 'O', 'O', 'O', 'O', 'O', 'O', 'O', 'O', 'O']"
"['[CLS]', 'show', 'me', 'all', 'the', 'cheap', '##est', 'fares', 'from', 'new', 'york', 'to', 'miami', 'leaving', 'on', 'tuesday', '[SEP]']","['O', 'O', 'O', 'O', 'O', 'O', 'O', 'O', 'O', 'O', 'O', 'O', 'O', 'O', 'O', 'O', 'O']"
"['[CLS]', 'i', 'would', 'like', 'the', 'time', 'of', 'all', 'flights', 'from', 'san', 'francisco', 'to', 'pittsburgh', 'on', 'sunday', '[SEP]']","['O', 'O', 'O', 'O', 'O', 'O', 'O', 'O', 'O', 'O', 'O', 'O', 'O', 'O', 'O', 'O', 'O']"
"['[CLS]', 'what', 'is', 'the', 'cheap', '##est', 'ticket', 'from', 'baltimore', 'to', 'san', 'francisco', 'on', 'friday', 'august', 'th', '##ir', '##tie', '##th', '[SEP]']","['O', 'O', 'O', 'O', 'O', 'O', 'O', 'O', 'O', 'O', 'O', 'O', 'O', 'O', 'O', 'O', 'O', 'O', 'O', 'O']"
"['[CLS]', 'what', 'is', 'the', 'fare', 'for', 'a', 'first', 'class', 'round', 'trip', 'ticket', 'from', 'detroit', 'to', 'st', '.', 'petersburg', '[SEP]']","['O', 'O', 'O', 'O', 'O', 'O', 'O', 'O', 'O', 'O', 'O', 'O', 'O', 'O', 'O', 'O', 'O', 'O', 'O']"
"['[CLS]', 'in', 'economy', 'class', 'from', 'dallas', 'to', 'baltimore', 'arriving', 'july', 'seventh', 'i', ""'"", 'd', 'like', 'to', 'know', 'what', ""'"", 's', 'the', 'cheap', '##est', 'ticket', 'possible', '[SEP]']","['O', 'O', 'O', 'O', 'O', 'O', 'O', 'O', 'O', 'O', 'O', 'O', 'O', 'O', 'O', 'O', 'O', 'O', 'O', 'O', 'O', 'O', 'O', 'O', 'O', 'O']"
"['[CLS]', 'can', 'you', 'list', 'the', 'cheap', '##est', 'round', 'trip', 'fare', 'from', 'orlando', 'to', 'kansas', 'city', '[SEP]']","['O', 'O', 'O', 'O', 'O', 'O', 'O', 'O', 'O', 'O', 'O', 'O', 'O', 'O', 'O', 'O']"
"['[CLS]', 'what', 'is', 'the', 'cost', 'of', 'a', 'flight', 'from', 'boston', 'to', 'san', 'francisco', '[SEP]']","['O', 'O', 'O', 'O', 'O', 'O', 'O', 'O', 'O', 'O', 'O', 'O', 'O', 'O']"
"['[CLS]', 'how', 'much', 'does', 'flight', 'ua', '281', 'from', 'boston', 'to', 'denver', 'cost', '[SEP]']","['O', 'O', 'O', 'O', 'O', 'O', 'O', 'O', 'O', 'O', 'O', 'O', 'O']"
"['[CLS]', 'what', 'is', 'the', 'lowest', 'fare', 'from', 'toronto', 'to', 'washington', 'dc', '[SEP]']","['O', 'O', 'O', 'O', 'O', 'O', 'O', 'O', 'O', 'O', 'O', 'O']"
"['[CLS]', 'can', 'you', 'tell', 'me', 'the', 'cheap', '##est', 'one', 'way', 'fare', 'from', 'boston', 'to', 'san', 'francisco', '[SEP]']","['O', 'O', 'O', 'O', 'O', 'O', 'O', 'O', 'O', 'O', 'O', 'O', 'O', 'O', 'O', 'O', 'O']"
"['[CLS]', 'what', 'time', 'does', 'the', 'earliest', 'flight', 'which', 'goes', 'from', 'atlanta', 'to', 'denver', 'leave', '[SEP]']","['O', 'O', 'O', 'O', 'O', 'O', 'O', 'O', 'O', 'O', 'O', 'O', 'O', 'O', 'O']"
"['[CLS]', 'what', 'is', 'the', 'cost', 'of', 'a', 'business', 'class', 'ticket', 'going', 'from', 'boston', 'to', 'dallas', 'leaving', 'july', 'first', '[SEP]']","['O', 'O', 'O', 'O', 'O', 'O', 'O', 'O', 'O', 'O', 'O', 'O', 'O', 'O', 'O', 'O', 'O', 'O', 'O']"
"['[CLS]', 'show', 'me', 'the', 'flight', 'schedule', 'from', 'pittsburgh', 'to', 'san', 'francisco', '[SEP]']","['O', 'O', 'O', 'O', 'O', 'O', 'O', 'O', 'O', 'O', 'O', 'O']"
"['[CLS]', 'what', 'is', 'the', 'fare', 'for', 'flights', 'from', 'denver', 'to', 'atlanta', '[SEP]']","['O', 'O', 'O', 'O', 'O', 'O', 'O', 'O', 'O', 'O', 'O', 'O']"
"['[CLS]', 'show', 'me', 'fares', 'for', 'flights', 'from', 'minneapolis', 'to', 'seattle', 'on', 'july', 'first', '1993', '[SEP]']","['O', 'O', 'O', 'O', 'O', 'O', 'O', 'O', 'O', 'O', 'O', 'O', 'O', 'O', 'O']"
"['[CLS]', 'what', 'are', 'the', 'fares', 'for', 'all', 'flights', 'between', 'washington', 'and', 'columbus', '[SEP]']","['O', 'O', 'O', 'O', 'O', 'O', 'O', 'O', 'O', 'O', 'O', 'O', 'O']"
"['[CLS]', 'round', 'trip', 'fares', 'from', 'baltimore', 'to', 'philadelphia', 'under', '1000', 'dollars', '[SEP]']","['O', 'O', 'O', 'O', 'O', 'O', 'O', 'O', 'O', 'O', 'O', 'O']"
"['[CLS]', 'how', 'much', 'is', 'coach', 'flight', 'from', 'pittsburgh', 'to', 'atlanta', '[SEP]']","['O', 'O', 'O', 'O', 'O', 'O', 'O', 'O', 'O', 'O', 'O']"
"['[CLS]', 'what', 'is', 'the', 'first', 'class', 'round', 'trip', 'air', '##fare', 'from', 'india', 'indianapolis', 'to', 'memphis', '[SEP]']","['O', 'O', 'O', 'O', 'O', 'O', 'O', 'O', 'O', 'O', 'O', 'O', 'O', 'O', 'O', 'O']"
"['[CLS]', 'what', 'is', 'the', 'cheap', '##est', 'fare', 'from', 'boston', 'to', 'san', 'francisco', '[SEP]']","['O', 'O', 'O', 'O', 'O', 'O', 'O', 'O', 'O', 'O', 'O', 'O', 'O']"
"['[CLS]', 'show', 'business', 'class', 'fares', 'on', 'us', 'air', 'from', 'boston', 'to', 'toronto', '[SEP]']","['O', 'O', 'O', 'O', 'O', 'O', 'O', 'O', 'O', 'O', 'O', 'O', 'O']"
"['[CLS]', 'i', 'would', 'like', 'to', 'see', 'the', 'economy', 'fares', 'for', 'pittsburgh', 'to', 'philadelphia', '[SEP]']","['O', 'O', 'O', 'O', 'O', 'O', 'O', 'O', 'O', 'O', 'O', 'O', 'O', 'O']"
"['[CLS]', 'how', 'much', 'is', 'the', '71', '##8', 'am', 'flight', 'from', 'las', 'vegas', 'to', 'new', 'york', 't', '##wa', '[SEP]']","['O', 'O', 'O', 'O', 'O', 'O', 'O', 'O', 'O', 'O', 'O', 'O', 'O', 'O', 'O', 'O', 'O', 'O']"
"['[CLS]', 'how', 'much', 'does', 'it', 'cost', 'to', 'fly', 'directly', 'from', 'philadelphia', 'to', 'san', 'francisco', 'on', 'american', 'airlines', '[SEP]']","['O', 'O', 'O', 'O', 'O', 'O', 'O', 'O', 'O', 'O', 'O', 'O', 'O', 'O', 'O', 'O', 'O', 'O']"
"['[CLS]', 'economy', 'fares', 'new', 'york', 'to', 'miami', 'round', 'trip', '[SEP]']","['O', 'O', 'O', 'O', 'O', 'O', 'O', 'O', 'O', 'O']"
"['[CLS]', 'how', 'much', 'does', 'it', 'cost', 'to', 'fly', 'eastern', 'airlines', 'from', 'atlanta', 'to', 'boston', '[SEP]']","['O', 'O', 'O', 'O', 'O', 'O', 'O', 'O', 'O', 'O', 'O', 'O', 'O', 'O', 'O']"
"['[CLS]', 'what', 'are', 'the', 'prices', 'of', 'these', 'flights', '[SEP]']","['O', 'O', 'O', 'O', 'O', 'O', 'O', 'O', 'O']"
"['[CLS]', 'what', 'is', 'the', 'cheap', '##est', 'fare', 'from', 'dallas', 'to', 'denver', 'on', 'delta', '[SEP]']","['O', 'O', 'O', 'O', 'O', 'O', 'O', 'O', 'O', 'O', 'O', 'O', 'O', 'O']"
"['[CLS]', 'what', ""'"", 's', 'the', 'lowest', 'round', 'trip', 'fare', 'from', 'dallas', 'to', 'baltimore', '[SEP]']","['O', 'O', 'O', 'O', 'O', 'O', 'O', 'O', 'O', 'O', 'O', 'O', 'O', 'O']"
"['[CLS]', 'what', 'is', 'the', 'air', '##fare', 'from', 'pittsburgh', 'to', 'atlanta', '[SEP]']","['O', 'O', 'O', 'O', 'O', 'O', 'O', 'O', 'O', 'O', 'O']"
"['[CLS]', 'what', 'is', 'the', 'fare', 'going', 'one', 'way', 'on', 'november', 'seventh', 'from', 'denver', 'to', 'oakland', '[SEP]']","['O', 'O', 'O', 'O', 'O', 'O', 'O', 'O', 'O', 'O', 'O', 'O', 'O', 'O', 'O', 'O']"
"['[CLS]', 'what', 'is', 'the', 'fare', 'from', 'boston', 'to', 'oakland', 'on', 'united', 'airlines', '[SEP]']","['O', 'O', 'O', 'O', 'O', 'O', 'O', 'O', 'O', 'O', 'O', 'O', 'O']"
"['[CLS]', 'i', ""'"", 'm', 'interested', 'in', 'the', 'cheap', '##est', 'fare', 'from', 'washington', 'to', 'fort', 'worth', '[SEP]']","['O', 'O', 'O', 'O', 'O', 'O', 'O', 'O', 'O', 'O', 'O', 'O', 'O', 'O', 'O', 'O']"
"['[CLS]', 'cheap', '##est', 'air', '##fare', 'from', 'tacoma', 'to', 'orlando', '[SEP]']","['O', 'O', 'O', 'O', 'O', 'O', 'O', 'O', 'O', 'O']"
"['[CLS]', 'cheap', '##est', 'fare', 'from', 'indianapolis', 'to', 'orlando', 'on', 'the', 'twenty', 'seventh', 'of', 'december', '[SEP]']","['O', 'O', 'O', 'O', 'O', 'O', 'O', 'O', 'O', 'O', 'O', 'O', 'O', 'O', 'O']"
"['[CLS]', 'list', 'coach', 'round', 'trip', 'air', '##fare', 'from', 'detroit', 'to', 'st', '.', 'petersburg', '[SEP]']","['O', 'O', 'O', 'O', 'O', 'O', 'O', 'O', 'O', 'O', 'O', 'O', 'O', 'O']"
"['[CLS]', 'how', 'much', 'does', 'the', 'american', 'airlines', 'flight', '71', 'from', 'dallas', 'to', 'san', 'francisco', 'cost', '[SEP]']","['O', 'O', 'O', 'O', 'O', 'O', 'O', 'O', 'O', 'O', 'O', 'O', 'O', 'O', 'O', 'O']"
"['[CLS]', 'what', 'is', 'the', 'least', 'expensive', 'one', 'way', 'fare', 'from', 'boston', 'to', 'san', 'francisco', '[SEP]']","['O', 'O', 'O', 'O', 'O', 'O', 'O', 'O', 'O', 'O', 'O', 'O', 'O', 'O', 'O']"
"['[CLS]', 'how', 'much', 'is', 'a', 'flight', 'from', 'washington', 'to', 'montreal', '[SEP]']","['O', 'O', 'O', 'O', 'O', 'O', 'O', 'O', 'O', 'O', 'O']"
"['[CLS]', 'lowest', 'fare', 'from', 'san', 'francisco', 'to', 'san', 'diego', '[SEP]']","['O', 'O', 'O', 'O', 'O', 'O', 'O', 'O', 'O', 'O']"
"['[CLS]', 'i', 'would', 'like', 'the', 'least', 'expensive', 'air', '##fare', 'flight', 'on', 'sunday', 'to', 'pittsburgh', 'from', 'san', 'francisco', '[SEP]']","['O', 'O', 'O', 'O', 'O', 'O', 'O', 'O', 'O', 'O', 'O', 'O', 'O', 'O', 'O', 'O', 'O', 'O']"
"['[CLS]', 'all', 'right', 'give', 'me', 'the', 'flight', 'times', 'in', 'the', 'morning', 'on', 'september', 'twentieth', 'from', 'pittsburgh', 'to', 'san', 'francisco', '[SEP]']","['O', 'O', 'O', 'O', 'O', 'O', 'O', 'O', 'O', 'O', 'O', 'O', 'O', 'O', 'O', 'O', 'O', 'O', 'O', 'O']"
"['[CLS]', 'what', 'are', 'the', 'cheap', '##est', 'fares', 'for', 'flights', 'from', 'newark', 'to', 'la', 'leaving', 'wednesday', 'after', '3', 'pm', '[SEP]']","['O', 'O', 'O', 'O', 'O', 'O', 'O', 'O', 'O', 'O', 'O', 'O', 'O', 'O', 'O', 'O', 'O', 'O', 'O']"
"['[CLS]', 'please', 'give', 'me', 'the', 'cheap', '##est', 'round', 'trip', 'air', '##fare', 'from', 'atlanta', 'to', 'philadelphia', 'on', 'august', 'the', 'first', '[SEP]']","['O', 'O', 'O', 'O', 'O', 'O', 'O', 'O', 'O', 'O', 'O', 'O', 'O', 'O', 'O', 'O', 'O', 'O', 'O', 'O']"
"['[CLS]', 'list', 'fares', 'from', 'washington', 'dc', 'to', 'boston', '[SEP]']","['O', 'O', 'O', 'O', 'O', 'O', 'O', 'O', 'O']"
"['[CLS]', 'what', 'is', 'the', 'round', 'trip', 'cost', 'of', 'a', 'first', 'class', 'ticket', 'from', 'boston', 'to', 'san', 'francisco', '[SEP]']","['O', 'O', 'O', 'O', 'O', 'O', 'O', 'O', 'O', 'O', 'O', 'O', 'O', 'O', 'O', 'O', 'O', 'O']"
"['[CLS]', 'how', 'much', 'is', 'a', 'first', 'class', 'ticket', 'from', 'baltimore', 'to', 'san', 'francisco', '[SEP]']","['O', 'O', 'O', 'O', 'O', 'O', 'O', 'O', 'O', 'O', 'O', 'O', 'O', 'O']"
"['[CLS]', 'how', 'much', 'does', 'it', 'cost', 'to', 'fly', 'from', 'boston', 'to', 'baltimore', 'on', 'a', 'saturday', '[SEP]']","['O', 'O', 'O', 'O', 'O', 'O', 'O', 'O', 'O', 'O', 'O', 'O', 'O', 'O', 'O', 'O']"
"['[CLS]', 'get', 'fares', 'from', 'washington', 'to', 'boston', '[SEP]']","['O', 'O', 'O', 'O', 'O', 'O', 'O', 'O']"
"['[CLS]', 'what', 'is', 'the', 'cheap', '##est', 'round', 'trip', 'fare', 'between', 'boston', 'and', 'san', 'francisco', '[SEP]']","['O', 'O', 'O', 'O', 'O', 'O', 'O', 'O', 'O', 'O', 'O', 'O', 'O', 'O', 'O']"
"['[CLS]', 'i', 'would', 'like', 'the', 'evening', 'schedule', 'of', 'flights', 'from', 'san', 'francisco', 'to', 'washington', '[SEP]']","['O', 'O', 'O', 'O', 'O', 'O', 'O', 'O', 'O', 'O', 'O', 'O', 'O', 'O', 'O']"
"['[CLS]', 'i', ""'"", 'd', 'like', 'the', 'cheap', '##est', 'one', 'way', 'fare', 'from', 'boston', 'to', 'atlanta', 'please', '[SEP]']","['O', 'O', 'O', 'O', 'O', 'O', 'O', 'O', 'O', 'O', 'O', 'O', 'O', 'O', 'O', 'O', 'O']"
"['[CLS]', 'list', 'the', 'fares', 'of', 'midway', 'airlines', 'flights', 'from', 'boston', 'to', 'philadelphia', '[SEP]']","['O', 'O', 'O', 'O', 'O', 'O', 'O', 'O', 'O', 'O', 'O', 'O', 'O']"
"['[CLS]', 'what', 'is', 'the', 'first', 'class', 'fare', 'on', 'united', 'flight', '352', 'from', 'denver', 'to', 'boston', '[SEP]']","['O', 'O', 'O', 'O', 'O', 'O', 'O', 'O', 'O', 'O', 'O', 'O', 'O', 'O', 'O', 'O']"
"['[CLS]', 'could', 'you', 'please', 'give', 'me', 'the', 'cost', 'of', 'a', 'round', 'trip', 'flight', 'from', 'denver', 'to', 'pittsburgh', '[SEP]']","['O', 'O', 'O', 'O', 'O', 'O', 'O', 'O', 'O', 'O', 'O', 'O', 'O', 'O', 'O', 'O', 'O', 'O']"
"['[CLS]', 'what', ""'"", 's', 'the', 'cheap', '##est', 'round', 'trip', 'fare', 'between', 'boston', 'and', 'washington', '[SEP]']","['O', 'O', 'O', 'O', 'O', 'O', 'O', 'O', 'O', 'O', 'O', 'O', 'O', 'O', 'O']"
"['[CLS]', 'show', 'me', 'all', 'first', 'class', 'fares', 'from', 'new', 'york', 'to', 'miami', 'leaving', 'on', 'a', 'tuesday', '[SEP]']","['O', 'O', 'O', 'O', 'O', 'O', 'O', 'O', 'O', 'O', 'O', 'O', 'O', 'O', 'O', 'O', 'O']"
"['[CLS]', 'show', 'me', 'prices', 'and', 'times', 'for', 'first', 'class', 'travel', 'from', 'baltimore', 'to', 'dallas', 'next', 'summer', '[SEP]']","['O', 'O', 'O', 'O', 'O', 'O', 'O', 'O', 'O', 'O', 'O', 'O', 'O', 'O', 'O', 'O', 'O']"
"['[CLS]', 'what', 'is', 'the', 'least', 'expensive', 'air', '##fare', 'between', 'boston', 'and', 'baltimore', '[SEP]']","['O', 'O', 'O', 'O', 'O', 'O', 'O', 'O', 'O', 'O', 'O', 'O', 'O']"
"['[CLS]', 'round', 'trip', 'fares', 'from', 'baltimore', 'to', 'philadelphia', 'less', 'than', '1000', 'dollars', 'or', 'round', 'trip', 'fares', 'from', 'denver', 'to', 'philadelphia', 'less', 'than', '1000', 'dollars', 'or', 'round', 'trip', 'fares', 'from', 'pittsburgh', 'to', 'philadelphia', 'less', 'than', '1000', 'dollars', '[SEP]']","['O', 'O', 'O', 'O', 'O', 'O', 'O', 'O', 'O', 'O', 'O', 'O', 'O', 'O', 'O', 'O', 'O', 'O', 'O', 'O', 'O', 'O', 'O', 'O', 'O', 'O', 'O', 'O', 'O', 'O', 'O', 'O', 'O', 'O', 'O', 'O', 'O']"
"['[CLS]', 'what', 'are', 'the', 'fares', 'for', 'flights', 'between', 'boston', 'and', 'washington', 'dc', '[SEP]']","['O', 'O', 'O', 'O', 'O', 'O', 'O', 'O', 'O', 'O', 'O', 'O', 'O']"
"['[CLS]', 'show', 'me', 'the', 'fare', 'from', 'dallas', 'to', 'san', 'francisco', '[SEP]']","['O', 'O', 'O', 'O', 'O', 'O', 'O', 'O', 'O', 'O', 'O']"
"['[CLS]', 'what', 'is', 'the', 'cheap', '##est', 'one', 'way', 'fare', 'from', 'san', 'francisco', 'to', 'boston', 'on', 'wednesday', 'august', 'twenty', 'first', '[SEP]']","['O', 'O', 'O', 'O', 'O', 'O', 'O', 'O', 'O', 'O', 'O', 'O', 'O', 'O', 'O', 'O', 'O', 'O', 'O', 'O']"
"['[CLS]', 'i', ""'"", 'd', 'like', 'a', 'one', 'way', 'ticket', 'from', 'milwaukee', 'to', 'orlando', 'either', 'wednesday', 'evening', 'or', 'thursday', 'morning', '[SEP]']","['O', 'O', 'O', 'O', 'O', 'O', 'O', 'O', 'O', 'O', 'O', 'O', 'O', 'O', 'O', 'O', 'O', 'O', 'O', 'O']"
"['[CLS]', 'list', 'all', 'round', 'trip', 'fares', 'from', 'st', '.', 'petersburg', 'to', 'washington', '[SEP]']","['O', 'O', 'O', 'O', 'O', 'O', 'O', 'O', 'O', 'O', 'O', 'O', 'O']"
"['[CLS]', 'what', 'is', 'the', 'cheap', '##est', 'first', 'class', 'fare', 'from', 'cleveland', 'to', 'miami', 'on', 'us', 'air', 'on', 'february', 'twenty', 'fourth', '[SEP]']","['O', 'O', 'O', 'O', 'O', 'O', 'O', 'O', 'O', 'O', 'O', 'O', 'O', 'O', 'O', 'O', 'O', 'O', 'O', 'O', 'O']"
"['[CLS]', 'show', 'me', 'round', 'trip', 'fares', 'from', 'denver', 'to', 'philadelphia', '[SEP]']","['O', 'O', 'O', 'O', 'O', 'O', 'O', 'O', 'O', 'O', 'O']"
"['[CLS]', 'what', 'is', 'the', 'cost', 'for', 'these', 'flights', 'from', 'baltimore', 'to', 'philadelphia', '[SEP]']","['O', 'O', 'O', 'O', 'O', 'O', 'O', 'O', 'O', 'O', 'O', 'O', 'O']"
"['[CLS]', 'could', 'you', 'tell', 'me', 'the', 'cheap', '##est', 'fare', 'from', 'atlanta', 'to', 'boston', 'on', 'thirty', 'first', 'of', 'august', '[SEP]']","['O', 'O', 'O', 'O', 'O', 'O', 'O', 'O', 'O', 'O', 'O', 'O', 'O', 'O', 'O', 'O', 'O', 'O', 'O']"
"['[CLS]', 'show', 'me', 'the', 'cheap', '##est', 'round', 'trip', 'coach', 'fare', 'on', 't', '##wa', 'from', 'las', 'vegas', 'to', 'detroit', '[SEP]']","['O', 'O', 'O', 'O', 'O', 'O', 'O', 'O', 'O', 'O', 'O', 'O', 'O', 'O', 'O', 'O', 'O', 'O', 'O']"
"['[CLS]', 'what', 'are', 'the', 'coach', 'fares', 'for', 'flights', 'from', 'charlotte', 'to', 'newark', 'tuesday', 'afternoon', '[SEP]']","['O', 'O', 'O', 'O', 'O', 'O', 'O', 'O', 'O', 'O', 'O', 'O', 'O', 'O', 'O']"
"['[CLS]', 'what', 'is', 'the', 'price', 'of', 'flights', 'from', 'indianapolis', 'to', 'memphis', '[SEP]']","['O', 'O', 'O', 'O', 'O', 'O', 'O', 'O', 'O', 'O', 'O', 'O']"
"['[CLS]', 'what', 'is', 'the', 'cheap', '##est', 'fare', 'for', 'a', 'one', 'way', 'flight', 'from', 'boston', 'to', 'atlanta', '[SEP]']","['O', 'O', 'O', 'O', 'O', 'O', 'O', 'O', 'O', 'O', 'O', 'O', 'O', 'O', 'O', 'O', 'O']"
"['[CLS]', 'what', 'is', 'the', 'lowest', 'fare', 'from', 'b', '##wi', 'to', 'salt', 'lake', 'city', '[SEP]']","['O', 'O', 'O', 'O', 'O', 'O', 'O', 'O', 'O', 'O', 'O', 'O', 'O', 'O']"
"['[CLS]', 'how', 'much', 'does', 'it', 'cost', 'to', 'fly', 'one', 'way', 'from', 'boston', 'to', 'washington', 'first', 'class', '[SEP]']","['O', 'O', 'O', 'O', 'O', 'O', 'O', 'O', 'O', 'O', 'O', 'O', 'O', 'O', 'O', 'O', 'O']"
"['[CLS]', 'what', 'is', 'the', 'fare', 'on', 'continental', '271', 'from', 'dallas', 'to', 'san', 'francisco', '[SEP]']","['O', 'O', 'O', 'O', 'O', 'O', 'O', 'O', 'O', 'O', 'O', 'O', 'O', 'O']"
"['[CLS]', 'what', 'are', 'the', 'coach', 'fares', 'for', 'flights', 'from', 'pittsburgh', 'to', 'denver', '[SEP]']","['O', 'O', 'O', 'O', 'O', 'O', 'O', 'O', 'O', 'O', 'O', 'O', 'O']"
"['[CLS]', 'show', 'me', 'round', 'trip', 'fares', 'between', 'san', 'francisco', 'and', 'washington', 'dc', '[SEP]']","['O', 'O', 'O', 'O', 'O', 'O', 'O', 'O', 'O', 'O', 'O', 'O', 'O']"
"['[CLS]', 'what', 'is', 'the', 'coach', 'fare', 'between', 'boston', 'and', 'atlanta', 'on', 'delta', '[SEP]']","['O', 'O', 'O', 'O', 'O', 'O', 'O', 'O', 'O', 'O', 'O', 'O', 'O']"
"['[CLS]', 'show', 'me', 'economy', 'fares', 'from', 'dallas', 'to', 'baltimore', '[SEP]']","['O', 'O', 'O', 'O', 'O', 'O', 'O', 'O', 'O', 'O']"
"['[CLS]', 'what', ""'"", 's', 'the', 'lowest', 'one', 'way', 'fare', 'from', 'pittsburgh', 'to', 'denver', '[SEP]']","['O', 'O', 'O', 'O', 'O', 'O', 'O', 'O', 'O', 'O', 'O', 'O', 'O', 'O']"
"['[CLS]', 'how', 'much', 'is', 'a', 'first', 'class', 'ticket', 'from', 'boston', 'to', 'san', 'francisco', '[SEP]']","['O', 'O', 'O', 'O', 'O', 'O', 'O', 'O', 'O', 'O', 'O', 'O', 'O', 'O']"
"['[CLS]', 'cheap', '##est', 'fare', 'from', 'indianapolis', 'to', 'seattle', '[SEP]']","['O', 'O', 'O', 'O', 'O', 'O', 'O', 'O', 'O']"
"['[CLS]', 'show', 'me', 'the', 'prices', 'of', 'all', 'flights', 'from', 'atlanta', 'to', 'washington', 'dc', '[SEP]']","['O', 'O', 'O', 'O', 'O', 'O', 'O', 'O', 'O', 'O', 'O', 'O', 'O', 'O']"
"['[CLS]', 'show', 'me', 'fares', 'from', 'seattle', 'to', 'minneapolis', '[SEP]']","['O', 'O', 'O', 'O', 'O', 'O', 'O', 'O', 'O']"
"['[CLS]', 'what', ""'"", 's', 'the', 'lowest', 'round', 'trip', 'fare', 'from', 'denver', 'to', 'pittsburgh', '[SEP]']","['O', 'O', 'O', 'O', 'O', 'O', 'O', 'O', 'O', 'O', 'O', 'O', 'O', 'O']"
"['[CLS]', 'what', 'are', 'the', 'first', 'class', 'fares', 'from', 'dallas', 'to', 'baltimore', '[SEP]']","['O', 'O', 'O', 'O', 'O', 'O', 'O', 'O', 'O', 'O', 'O', 'O']"
"['[CLS]', 'show', 'me', 'the', 'fares', 'for', 'delta', 'flights', 'from', 'dallas', 'to', 'san', 'francisco', '[SEP]']","['O', 'O', 'O', 'O', 'O', 'O', 'O', 'O', 'O', 'O', 'O', 'O', 'O', 'O']"
"['[CLS]', 'what', 'are', 'the', 'coach', 'fares', 'for', 'flights', 'from', 'charlotte', 'to', 'newark', 'tuesday', 'evening', '[SEP]']","['O', 'O', 'O', 'O', 'O', 'O', 'O', 'O', 'O', 'O', 'O', 'O', 'O', 'O', 'O']"
"['[CLS]', 'show', 'me', 'the', 'round', 'trip', 'tickets', 'from', 'baltimore', 'to', 'dallas', '[SEP]']","['O', 'O', 'O', 'O', 'O', 'O', 'O', 'O', 'O', 'O', 'O', 'O']"
"['[CLS]', 'give', 'me', 'the', 'round', 'trip', 'coach', 'fare', 'from', 'dallas', 'to', 'baltimore', '[SEP]']","['O', 'O', 'O', 'O', 'O', 'O', 'O', 'O', 'O', 'O', 'O', 'O', 'O']"
"['[CLS]', 'what', 'is', 'the', 'round', 'trip', 'fare', 'on', 'continental', '129', '##1', 'from', 'denver', 'to', 'san', 'francisco', 'and', 'return', '[SEP]']","['O', 'O', 'O', 'O', 'O', 'O', 'O', 'O', 'O', 'O', 'O', 'O', 'O', 'O', 'O', 'O', 'O', 'O', 'O']"
"['[CLS]', 'how', 'much', 'does', 'it', 'cost', 'to', 'fly', 'from', 'atlanta', 'to', 'san', 'francisco', '[SEP]']","['O', 'O', 'O', 'O', 'O', 'O', 'O', 'O', 'O', 'O', 'O', 'O', 'O', 'O']"
"['[CLS]', 'what', ""'"", 's', 'the', 'lowest', 'round', 'trip', 'fare', 'from', 'atlanta', 'to', 'b', '##wi', '[SEP]']","['O', 'O', 'O', 'O', 'O', 'O', 'O', 'O', 'O', 'O', 'O', 'O', 'O', 'O', 'O']"
"['[CLS]', 'show', 'me', 'round', 'trip', 'fares', 'from', 'toronto', 'to', 'detroit', 'on', 'delta', 'northwest', 'us', 'air', 'and', 'united', 'airlines', '[SEP]']","['O', 'O', 'O', 'O', 'O', 'O', 'O', 'O', 'O', 'O', 'O', 'O', 'O', 'O', 'O', 'O', 'O', 'O', 'O']"
"['[CLS]', 'what', 'is', 'the', 'cheap', '##est', 'one', 'way', 'fare', 'from', 'boston', 'to', 'washington', '[SEP]']","['O', 'O', 'O', 'O', 'O', 'O', 'O', 'O', 'O', 'O', 'O', 'O', 'O', 'O']"
"['[CLS]', 'show', 'me', 'all', 'economy', 'prices', 'from', 'dallas', 'to', 'baltimore', '[SEP]']","['O', 'O', 'O', 'O', 'O', 'O', 'O', 'O', 'O', 'O', 'O']"
"['[CLS]', 'show', 'me', 'fares', 'from', 'miami', 'to', 'new', 'york', '[SEP]']","['O', 'O', 'O', 'O', 'O', 'O', 'O', 'O', 'O', 'O']"
"['[CLS]', 'what', ""'"", 's', 'the', 'first', 'class', 'fare', 'round', 'trip', 'from', 'atlanta', 'to', 'denver', '[SEP]']","['O', 'O', 'O', 'O', 'O', 'O', 'O', 'O', 'O', 'O', 'O', 'O', 'O', 'O', 'O']"
"['[CLS]', 'first', 'class', 'round', 'trip', 'air', '##fare', 'from', 'indianapolis', 'to', 'memphis', '[SEP]']","['O', 'O', 'O', 'O', 'O', 'O', 'O', 'O', 'O', 'O', 'O', 'O']"
"['[CLS]', 'give', 'me', 'the', 'lowest', 'fare', 'from', 'atlanta', 'to', 'denver', 'on', 'may', 'seventh', 'please', '[SEP]']","['O', 'O', 'O', 'O', 'O', 'O', 'O', 'O', 'O', 'O', 'O', 'O', 'O', 'O', 'O']"
"['[CLS]', 'what', 'is', 'the', 'price', 'of', 'a', 'first', 'class', 'ticket', 'from', 'atlanta', 'to', 'san', 'francisco', '[SEP]']","['O', 'O', 'O', 'O', 'O', 'O', 'O', 'O', 'O', 'O', 'O', 'O', 'O', 'O', 'O', 'O']"
"['[CLS]', 'all', 'fares', 'and', 'flights', 'from', 'philadelphia', '[SEP]']","['O', 'O', 'O', 'O', 'O', 'O', 'O', 'O']"
"['[CLS]', 'first', 'class', 'price', 'san', 'francisco', 'pittsburgh', 'round', 'trip', '[SEP]']","['O', 'O', 'O', 'O', 'O', 'O', 'O', 'O', 'O', 'O']"
"['[CLS]', 'what', 'are', 'the', 'costs', 'of', 'flights', 'from', 'dallas', 'to', 'boston', 'tomorrow', '[SEP]']","['O', 'O', 'O', 'O', 'O', 'O', 'O', 'O', 'O', 'O', 'O', 'O', 'O']"
"['[CLS]', 'what', 'are', 'the', 'coach', 'class', 'fares', 'on', 'flights', 'from', 'pittsburgh', 'to', 'atlanta', '[SEP]']","['O', 'O', 'O', 'O', 'O', 'O', 'O', 'O', 'O', 'O', 'O', 'O', 'O', 'O']"
"['[CLS]', 'what', 'does', 'it', 'cost', 'to', 'fly', 'from', 'boston', 'to', 'san', 'francisco', 'on', 'united', 'airlines', 'flight', '21', '[SEP]']","['O', 'O', 'O', 'O', 'O', 'O', 'O', 'O', 'O', 'O', 'O', 'O', 'O', 'O', 'O', 'O', 'O', 'O']"
"['[CLS]', 'i', 'would', 'like', 'a', 'ticket', 'leaving', 'from', 'denver', 'colorado', 'to', 'atlanta', 'georgia', 'with', 'a', 'stop', 'in', 'pittsburgh', '[SEP]']","['O', 'O', 'O', 'O', 'O', 'O', 'O', 'O', 'O', 'O', 'O', 'O', 'O', 'O', 'O', 'O', 'O', 'O', 'O']"
"['[CLS]', 'show', 'me', 'round', 'trip', 'fares', 'from', 'las', 'vegas', 'to', 'houston', 'nonstop', '[SEP]']","['O', 'O', 'O', 'O', 'O', 'O', 'O', 'O', 'O', 'O', 'O', 'O', 'O']"
"['[CLS]', 'what', 'is', 'the', 'lowest', 'fare', 'from', 'denver', 'to', 'atlanta', '[SEP]']","['O', 'O', 'O', 'O', 'O', 'O', 'O', 'O', 'O', 'O', 'O']"
"['[CLS]', 'list', 'the', 'fares', 'of', 'us', 'air', 'flights', 'from', 'boston', 'to', 'philadelphia', '[SEP]']","['O', 'O', 'O', 'O', 'O', 'O', 'O', 'O', 'O', 'O', 'O', 'O', 'O']"
"['[CLS]', 'what', 'are', 'the', 'prices', 'of', 'the', 'flights', 'from', 'dallas', 'to', 'baltimore', '[SEP]']","['O', 'O', 'O', 'O', 'O', 'O', 'O', 'O', 'O', 'O', 'O', 'O', 'O']"
"['[CLS]', 'what', 'is', 'the', 'least', 'expensive', 'one', 'way', 'fare', 'from', 'boston', 'to', 'pittsburgh', '[SEP]']","['O', 'O', 'O', 'O', 'O', 'O', 'O', 'O', 'O', 'O', 'O', 'O', 'O', 'O']"
"['[CLS]', 'what', 'is', 'the', 'cost', 'of', 'united', 'airlines', 'flight', '415', 'from', 'chicago', 'to', 'kansas', 'city', 'thursday', 'night', '[SEP]']","['O', 'O', 'O', 'O', 'O', 'O', 'O', 'O', 'O', 'O', 'O', 'O', 'O', 'O', 'O', 'O', 'O', 'O']"
"['[CLS]', 'i', 'need', 'a', 'ticket', 'from', 'los', 'angeles', 'to', 'charlotte', 'that', 'leaves', 'early', 'in', 'the', 'morning', '[SEP]']","['O', 'O', 'O', 'O', 'O', 'O', 'O', 'O', 'O', 'O', 'O', 'O', 'O', 'O', 'O', 'O', 'O']"
"['[CLS]', 'round', 'trip', 'fares', 'from', 'baltimore', 'to', 'philadelphia', 'under', '1000', 'dollars', '[SEP]']","['O', 'O', 'O', 'O', 'O', 'O', 'O', 'O', 'O', 'O', 'O', 'O']"
